Mention 1 Layer 4,Cluster,ClusterScore,TopLabelsFused
0,0,0.317700934181958,"[(91, np.float64(0.47143948818425047)), (68, np.float64(0.46447008670025014)), (146, np.float64(0.4616131896986799)), (41, np.float64(0.4417444609420835)), (70, np.float64(0.42064837329797444)), (75, np.float64(0.29220735867605463))]"
1,1,0.7929149226552001,"[(132, np.float64(0.8904577040237229)), (113, np.float64(0.743892110984337)), (72, np.float64(0.7313664326729727)), (104, np.float64(0.721587893168774)), (145, np.float64(0.6747677717169626)), (109, np.float64(0.49851800302227556)), (134, np.float64(0.4886036375257516))]"
