Mention 0 Layer 2,Cluster,ClusterScore,TopLabelsFused
0,1,0.3040312081084247,"[(391, np.float64(0.5513902502841564)), (293, np.float64(0.34437109870274984)), (330, np.float64(0.33196009769060075)), (286, np.float64(0.3318510302911567)), (211, np.float64(0.31349233024265544)), (348, np.float64(0.3040874272384493)), (243, np.float64(0.29948655253050466)), (386, np.float64(0.29939574449529605)), (196, np.float64(0.29782289979023613)), (385, np.float64(0.2962314722450351)), (342, np.float64(0.2958220372797225)), (395, np.float64(0.2956566153473786)), (221, np.float64(0.2943235866193743)), (202, np.float64(0.29365424517018524)), (297, np.float64(0.2929755448523231)), (296, np.float64(0.29223010716045117)), (399, np.float64(0.2903442060690389)), (380, np.float64(0.2834997935279422)), (197, np.float64(0.27676476296060026)), (390, np.float64(0.27510081082566556)), (362, np.float64(0.2719191883573657)), (212, np.float64(0.27085736883890693)), (244, np.float64(0.2653436904777319)), (287, np.float64(0.25553017750930096)), (288, np.float64(0.21138282450555526))]"
1,0,0.6531322488013455,"[(21, np.float64(0.8081659784978241)), (162, np.float64(0.8081659784978241)), (93, np.float64(0.550415310806552)), (46, np.float64(0.5023605429953935)), (8, np.float64(0.4897720796593364)), (36, np.float64(0.4874542177885759)), (137, np.float64(0.47389791446102025)), (87, np.float64(0.44582287499547874)), (101, np.float64(0.44075315355764433)), (160, np.float64(0.43176500427861614)), (168, np.float64(0.41451879305702927)), (95, np.float64(0.4137767646557111)), (106, np.float64(0.4128504459023517)), (24, np.float64(0.4097463246215931)), (13, np.float64(0.4032923113673356)), (100, np.float64(0.4024974995604366)), (14, np.float64(0.40235240765011937)), (18, np.float64(0.39240516157493727)), (159, np.float64(0.39128772980342047)), (88, np.float64(0.3895160670722228)), (17, np.float64(0.38902377065153404)), (9, np.float64(0.35434971026137196)), (32, np.float64(0.34220183272925836)), (195, np.float64(0.34161056846342885)), (92, np.float64(0.31580904251217173))]"
