Mention 8 Layer 4,Cluster,ClusterScore,TopLabelsFused
0,0,0.4658834367768166,"[(296, np.float64(0.5810215028464654)), (244, np.float64(0.5759595020908671)), (348, np.float64(0.3728229284845699)), (342, np.float64(0.35800423519179914)), (399, np.float64(0.35792417695496925)), (297, np.float64(0.3574154578964616))]"
1,1,0.8211042391228637,"[(391, np.float64(0.9061480227440016)), (330, np.float64(0.7604251862808435)), (362, np.float64(0.7225316432171656)), (385, np.float64(0.6984513808148246)), (390, np.float64(0.5446180807097237)), (380, np.float64(0.48005426326843653)), (395, np.float64(0.47615570742144003))]"
