Mention 4 Layer 4,Cluster,ClusterScore,TopLabelsFused
0,0,0.4063197873474736,"[(240, np.float64(0.5360741288138164)), (264, np.float64(0.5320016762353091)), (397, np.float64(0.5279840544408653)), (263, np.float64(0.5146677875987042)), (301, np.float64(0.5129040249964792)), (314, np.float64(0.49365476369944966))]"
1,1,0.8652172852120505,"[(350, np.float64(0.769718568875569)), (366, np.float64(0.7635020877238907)), (277, np.float64(0.7284197449608705)), (343, np.float64(0.5312617847804855)), (378, np.float64(0.5165076631080144)), (381, np.float64(0.5067894673739034)), (382, np.float64(0.5037542536007894))]"
