Mention 0 Layer 3,Cluster,ClusterScore,TopLabelsFused
0,1,0.3587432801159385,"[(290, np.float64(0.5989518178584472)), (307, np.float64(0.4288597614421218)), (273, np.float64(0.3979603841414358)), (275, np.float64(0.3449443001794121)), (239, np.float64(0.3377965916468314)), (372, np.float64(0.33048132596733404)), (353, np.float64(0.3197916407011195)), (333, np.float64(0.31961682422499155)), (339, np.float64(0.3162040658236854)), (358, np.float64(0.31360971112218594)), (316, np.float64(0.30577529398642245)), (310, np.float64(0.2851416250486121)), (308, np.float64(0.2573401629487914))]"
1,0,0.805601746627052,"[(219, np.float64(0.6249375747608714)), (179, np.float64(0.5632972216665542)), (231, np.float64(0.5391325845607955)), (192, np.float64(0.49925227319766824)), (268, np.float64(0.4901511714159618)), (272, np.float64(0.47975052085041886)), (335, np.float64(0.4734418008466953)), (233, np.float64(0.4573790458364756)), (213, np.float64(0.44117285860232025)), (260, np.float64(0.43830039392683134)), (261, np.float64(0.4275452155457696)), (191, np.float64(0.40918337691507406))]"
