Mention 1 Layer 2,Cluster,ClusterScore,TopLabelsFused
0,0,0.3599426616725746,"[(28, np.float64(0.5999522161577325)), (118, np.float64(0.5999522161577325)), (3, np.float64(0.48117001498811635)), (69, np.float64(0.44525658949713304)), (81, np.float64(0.3272939815885883)), (74, np.float64(0.3234778042214795)), (115, np.float64(0.32329658847649184)), (60, np.float64(0.3213025426547278)), (43, np.float64(0.3211472271714014)), (76, np.float64(0.3211233567155573)), (83, np.float64(0.31689075490515634)), (82, np.float64(0.3149238144770346)), (29, np.float64(0.3074263774572677)), (86, np.float64(0.30435973953915835)), (80, np.float64(0.3016394876505304)), (126, np.float64(0.30010650057830374)), (94, np.float64(0.2981006776090174)), (121, np.float64(0.28856139521972834)), (103, np.float64(0.2879747285872887)), (15, np.float64(0.27519568531613586)), (42, np.float64(0.26543858553503624)), (57, np.float64(0.25999810866946244)), (84, np.float64(0.25942021932216053)), (58, np.float64(0.249222926529305)), (85, np.float64(0.22028744920700832))]"
1,1,0.6522412017279444,"[(361, np.float64(0.5587335809781903)), (156, np.float64(0.48990727036530884)), (171, np.float64(0.48556546696379477)), (189, np.float64(0.4547744386286802)), (285, np.float64(0.45359553439199163)), (256, np.float64(0.45291685785684566)), (349, np.float64(0.44300291248338247)), (388, np.float64(0.44148013381849727)), (224, np.float64(0.43489296625499424)), (169, np.float64(0.43019005041041386)), (299, np.float64(0.426484000169815)), (257, np.float64(0.4228497269032347)), (398, np.float64(0.4224290731885537)), (253, np.float64(0.4200170471633862)), (127, np.float64(0.4187826644415148)), (199, np.float64(0.4146485678111139)), (178, np.float64(0.40651400106886)), (154, np.float64(0.39495847756636177)), (190, np.float64(0.3853604646572218)), (209, np.float64(0.3552147138756499)), (222, np.float64(0.3458947034846287)), (340, np.float64(0.32288601173580916)), (138, np.float64(0.3193490938650735)), (188, np.float64(0.31808557645174024)), (210, np.float64(0.30876789595701587))]"
