Mention 4 Layer 4,Cluster,ClusterScore,TopLabelsFused
0,1,0.3539395314682433,"[(246, np.float64(0.47810316000230496)), (216, np.float64(0.4751317603210696)), (229, np.float64(0.46336674732096284)), (357, np.float64(0.4437376558164012)), (248, np.float64(0.42672136334997873)), (220, np.float64(0.3172687090144291))]"
1,0,0.6585850891379986,"[(161, np.float64(0.6535309807286901)), (198, np.float64(0.6342119268778432)), (158, np.float64(0.6259075856107515)), (147, np.float64(0.6108088421147945)), (182, np.float64(0.5342693991339771)), (194, np.float64(0.46028348242035955))]"
