Mention 1 Layer 3,Cluster,ClusterScore,TopLabelsFused
0,0,0.48506280713093586,"[(10, np.float64(0.541174434094083)), (96, np.float64(0.4614786139510078)), (238, np.float64(0.41362038793724015)), (26, np.float64(0.3982662814676574)), (65, np.float64(0.39070125753054313)), (110, np.float64(0.38309980927669296)), (71, np.float64(0.3705002478214144)), (99, np.float64(0.36914260244762553)), (5, np.float64(0.362551206174473)), (105, np.float64(0.36000092980049936)), (34, np.float64(0.3454947815829459)), (7, np.float64(0.3147901832026052))]"
1,1,0.6023994357545094,"[(143, np.float64(0.5310856320548952)), (180, np.float64(0.52428898618225)), (228, np.float64(0.5036532773162048)), (241, np.float64(0.48052234316064457)), (225, np.float64(0.476615099474895)), (251, np.float64(0.47018378306018344)), (226, np.float64(0.4433461571787209)), (140, np.float64(0.43614345939505667)), (242, np.float64(0.43054911701714765)), (247, np.float64(0.42574749369978604)), (89, np.float64(0.41387876045125843)), (237, np.float64(0.38132337271105043)), (223, np.float64(0.37598034422898513))]"
