Mention 0 Layer 3,Cluster,ClusterScore,TopLabelsFused
0,0,0.19245782165154832,"[(279, np.float64(0.2717406656183509)), (292, np.float64(0.26462773908066245)), (306, np.float64(0.2616817436954268)), (303, np.float64(0.2512217388661052)), (294, np.float64(0.24844456750713997)), (265, np.float64(0.24804189104890903)), (267, np.float64(0.2459318376574699)), (300, np.float64(0.24001679550427302)), (276, np.float64(0.23392898044484722)), (305, np.float64(0.23066294969714668)), (259, np.float64(0.2296512985575549)), (367, np.float64(0.2192661344760459))]"
1,1,0.7595099559952694,"[(360, np.float64(0.8714986838746628)), (359, np.float64(0.6678509085467397)), (363, np.float64(0.5691155189928745)), (341, np.float64(0.5053092440090523)), (368, np.float64(0.4886617878311026)), (347, np.float64(0.48394641511464664)), (377, np.float64(0.4835025900953708)), (373, np.float64(0.45999919926203664)), (298, np.float64(0.453803277718784)), (345, np.float64(0.4516944278824887)), (371, np.float64(0.41648528116377465)), (318, np.float64(0.4063283268500525)), (344, np.float64(0.38836878710059886))]"
