Mention 1 Layer 4,Cluster,ClusterScore,TopLabelsFused
0,1,0.23660170123146818,"[(135, np.float64(0.4136435357660279)), (149, np.float64(0.41075818175821865)), (176, np.float64(0.4083528114748383)), (174, np.float64(0.3721046959968111)), (175, np.float64(0.2732614385420553)), (155, np.float64(0.25821402179347464)), (150, np.float64(0.2570712392530304))]"
1,0,0.47329381448421437,"[(63, np.float64(0.579763855291588)), (131, np.float64(0.5771903843418896)), (142, np.float64(0.5724811570076266)), (133, np.float64(0.5225825580862803)), (136, np.float64(0.3659082264428789))]"
