Mention 7 Layer 2,Cluster,ClusterScore,TopLabelsFused
0,1,0.35869940419930535,"[(338, np.float64(0.4407543420083078)), (313, np.float64(0.4077317867147669)), (329, np.float64(0.40154363314129404)), (327, np.float64(0.39743755577198864)), (387, np.float64(0.3922276586693782)), (351, np.float64(0.3904858564408524)), (374, np.float64(0.3837566622266539)), (324, np.float64(0.3814357001885467)), (312, np.float64(0.3661114672877688)), (352, np.float64(0.3566378668456831)), (328, np.float64(0.35610552557112735)), (331, np.float64(0.3548036221580522)), (376, np.float64(0.35112422594420883)), (326, np.float64(0.33903357646790055)), (319, np.float64(0.3378625099106145)), (309, np.float64(0.3376153299873208)), (289, np.float64(0.33728149173168614)), (332, np.float64(0.3274566802558049)), (323, np.float64(0.32474322275821205)), (336, np.float64(0.32374253402001085)), (334, np.float64(0.31738305770587694)), (337, np.float64(0.3161426878182649)), (311, np.float64(0.3020938156555455)), (325, np.float64(0.29978589541387635)), (356, np.float64(0.2886347767322551))]"
1,0,0.597399996772494,"[(173, np.float64(0.4933933497579758)), (235, np.float64(0.45835219681068234)), (107, np.float64(0.45584624370548055)), (122, np.float64(0.4388235465220797)), (254, np.float64(0.43771403595100294)), (124, np.float64(0.4218650090300488)), (283, np.float64(0.42142856774183446)), (266, np.float64(0.4190156767477059)), (79, np.float64(0.41828567810602796)), (215, np.float64(0.4074995631680484)), (281, np.float64(0.39612974257716704)), (284, np.float64(0.3897672326072652)), (151, np.float64(0.3837868318982383)), (270, np.float64(0.38199352796381036)), (271, np.float64(0.3790667491299471)), (236, np.float64(0.37826776992192424)), (165, np.float64(0.3760838440171046)), (269, np.float64(0.3759602705530484)), (282, np.float64(0.36715489385084)), (280, np.float64(0.36406613618016703)), (252, np.float64(0.3597459114080388)), (274, np.float64(0.3583298069348906)), (234, np.float64(0.35417808624169533)), (262, np.float64(0.34296457055711593)), (45, np.float64(0.33861317602951696))]"
