Mention 0 Layer 4,Cluster,ClusterScore,TopLabelsFused
0,1,0.220540681454044,"[(394, np.float64(0.4696175906565298)), (365, np.float64(0.3930103514182771)), (384, np.float64(0.39156983323853467)), (364, np.float64(0.39021089789422464)), (315, np.float64(0.37731315345363087)), (379, np.float64(0.3381992702707406)), (389, np.float64(0.25483298527987835))]"
1,0,0.647988942847291,"[(317, np.float64(0.6730990658909206)), (200, np.float64(0.668782528099649)), (304, np.float64(0.6681802509505478)), (291, np.float64(0.6551415752061731)), (322, np.float64(0.4303994549122885))]"
