Mention 8 Layer 4,Cluster,ClusterScore,TopLabelsFused
0,1,0.353008514324238,"[(328, np.float64(0.4883170847435612)), (327, np.float64(0.45006772229719766)), (323, np.float64(0.42625395273953504)), (325, np.float64(0.4160318823534738)), (352, np.float64(0.39228070106818547)), (326, np.float64(0.34689296987007706))]"
1,0,0.7329717636990313,"[(312, np.float64(0.7208026614380761)), (289, np.float64(0.7151647869354157)), (311, np.float64(0.7024007153815386)), (309, np.float64(0.546026483970263)), (319, np.float64(0.47767204630481835)), (313, np.float64(0.463150805781458))]"
