Mention 2 Layer 4,Cluster,ClusterScore,TopLabelsFused
0,1,0.1953355104111656,"[(280, np.float64(0.3417778306643665)), (165, np.float64(0.30917243433629543)), (234, np.float64(0.30374150927300353)), (215, np.float64(0.29992788013468114)), (236, np.float64(0.28199071833217765)), (235, np.float64(0.23879517179095455))]"
1,0,0.753979538758971,"[(124, np.float64(0.7028893982152142)), (151, np.float64(0.6323373934841555)), (79, np.float64(0.5601682460150654)), (107, np.float64(0.5536166290819555)), (122, np.float64(0.4845792538296856)), (45, np.float64(0.3717985949471904))]"
