Mention 1 Layer 4,Cluster,ClusterScore,TopLabelsFused
0,1,0.20935886708252366,"[(246, np.float64(0.37088916908512776)), (216, np.float64(0.3698841075919467)), (229, np.float64(0.36599971220540567)), (357, np.float64(0.3415576920222378)), (248, np.float64(0.3251048658347864)), (220, np.float64(0.24467938784652113))]"
1,0,0.7852498910834604,"[(161, np.float64(0.7214833606954296)), (147, np.float64(0.7130627847195355)), (158, np.float64(0.7007143138470934)), (198, np.float64(0.6644611019244753)), (182, np.float64(0.5330615423378177)), (194, np.float64(0.47789031524065506))]"
