Mention 5 Layer 3,Cluster,ClusterScore,TopLabelsFused
0,0,0.4695501107262365,"[(27, np.float64(0.5148796041410145)), (37, np.float64(0.4680337780263583)), (16, np.float64(0.4290660862912266)), (116, np.float64(0.42431388742184867)), (55, np.float64(0.41776659704155966)), (23, np.float64(0.39918738702991763)), (35, np.float64(0.389494409039333)), (4, np.float64(0.38632545281812397)), (22, np.float64(0.3819979007658575)), (25, np.float64(0.37682055446877927)), (19, np.float64(0.3596921074393218)), (38, np.float64(0.35647620828986637))]"
1,1,0.5058303806096643,"[(144, np.float64(0.545218388368416)), (77, np.float64(0.5123460696506617)), (98, np.float64(0.49662481997611585)), (30, np.float64(0.4131263113420595)), (123, np.float64(0.40705968915099755)), (56, np.float64(0.4022783162456791)), (78, np.float64(0.4005207842692718)), (97, np.float64(0.39921831445474876)), (119, np.float64(0.3925983338433259)), (102, np.float64(0.38044715467912676)), (120, np.float64(0.3724423768736445)), (111, np.float64(0.3488965742095504)), (90, np.float64(0.3302739784234199))]"
