Mention 1 Layer 4,Cluster,ClusterScore,TopLabelsFused
0,1,0.19153368776602228,"[(370, np.float64(0.3702182695782427)), (258, np.float64(0.3700235367168045)), (249, np.float64(0.3659162293523811)), (232, np.float64(0.36484301943529435)), (245, np.float64(0.35204964231615454)), (250, np.float64(0.23152300827851424))]"
1,0,0.7128402390065292,"[(217, np.float64(0.7013188346896755)), (227, np.float64(0.6940865365609444)), (205, np.float64(0.6848115624525514)), (230, np.float64(0.6539227129020896)), (208, np.float64(0.5704672621878111)), (214, np.float64(0.4704868461056932))]"
