Mention 0 Layer 4,Cluster,ClusterScore,TopLabelsFused
0,0,0.40250271089491335,"[(296, np.float64(0.5376590055634525)), (244, np.float64(0.5325994220595097)), (348, np.float64(0.35048572415248896)), (399, np.float64(0.33897866935383436)), (342, np.float64(0.3381215507830318)), (297, np.float64(0.33634247581946525))]"
1,1,0.8336250582828368,"[(391, np.float64(0.913030699529231)), (330, np.float64(0.7630826080596479)), (362, np.float64(0.7203999899313185)), (385, np.float64(0.7128737608976952)), (390, np.float64(0.5485018430147696)), (395, np.float64(0.4898143171634011)), (380, np.float64(0.48840145985289185))]"
