Mention 8 Layer 3,Cluster,ClusterScore,TopLabelsFused
0,1,0.30155744851306293,"[(290, np.float64(0.5491424664994167)), (275, np.float64(0.38199436948289467)), (307, np.float64(0.33549436115939346)), (273, np.float64(0.30718545335205416)), (239, np.float64(0.30598721404876067)), (333, np.float64(0.3001499346656205)), (372, np.float64(0.2980996453554211)), (353, np.float64(0.29764564258284776)), (358, np.float64(0.2927672182286994)), (339, np.float64(0.292148561007888)), (316, np.float64(0.2824376104718264)), (310, np.float64(0.275599400212041)), (308, np.float64(0.23679345962371268))]"
1,0,0.8426820863932075,"[(231, np.float64(0.6122668852783466)), (272, np.float64(0.5731840224554767)), (219, np.float64(0.5411144999838109)), (192, np.float64(0.5285188707411148)), (179, np.float64(0.5105525576142249)), (335, np.float64(0.483750695211709)), (268, np.float64(0.4835074559957293)), (233, np.float64(0.4528505190732661)), (261, np.float64(0.4526969960513359)), (191, np.float64(0.45216655719136817)), (260, np.float64(0.450133794345481)), (213, np.float64(0.44989272552021264))]"
