Mention 1 Layer 4,Cluster,ClusterScore,TopLabelsFused
0,0,0.745071191537663,"[(92, np.float64(0.6890738379499007)), (195, np.float64(0.6569305096720365)), (88, np.float64(0.5993337161311133)), (100, np.float64(0.48855605821040726)), (24, np.float64(0.46549984315275494)), (95, np.float64(0.4568949957586615))]"
1,1,0.7946051729574899,"[(162, np.float64(0.8914062894985035)), (93, np.float64(0.7499004459412221)), (137, np.float64(0.7388545528535445)), (168, np.float64(0.7322139803655786)), (106, np.float64(0.6823881625090482)), (101, np.float64(0.49515223163610517)), (160, np.float64(0.47770159833469567))]"
