Mention 3 Layer 4,Cluster,ClusterScore,TopLabelsFused
0,0,0.5578828749796338,"[(92, np.float64(0.5945921404507212)), (195, np.float64(0.5687147078690095)), (88, np.float64(0.497757403579906)), (100, np.float64(0.4286719237367602)), (24, np.float64(0.40482710785753484)), (95, np.float64(0.39563888001475706))]"
1,1,0.9006514715728822,"[(162, np.float64(0.9490265916047254)), (93, np.float64(0.7961954929928003)), (137, np.float64(0.7886933371596513)), (168, np.float64(0.7816607076015297)), (106, np.float64(0.7265180702191812)), (101, np.float64(0.527372375775962)), (160, np.float64(0.50796553101325))]"
