Mention 3 Layer 4,Cluster,ClusterScore,TopLabelsFused
0,1,0.34673650474913614,"[(118, np.float64(0.5888433618112173)), (85, np.float64(0.4951161594279404)), (86, np.float64(0.49277518544240356)), (121, np.float64(0.48636738033971105)), (94, np.float64(0.3246817271574556)), (82, np.float64(0.3225931190484998)), (115, np.float64(0.3106099767968742))]"
1,0,0.5134376501332271,"[(81, np.float64(0.6021378230082449)), (84, np.float64(0.5954887562364233)), (58, np.float64(0.5936709384021024)), (126, np.float64(0.5864880501048615)), (83, np.float64(0.3859915609300581)), (80, np.float64(0.3783490240529056))]"
