Mention 3 Layer 4,Cluster,ClusterScore,TopLabelsFused
0,1,0.22705085091490484,"[(394, np.float64(0.4764985319126438)), (365, np.float64(0.3995702967667033)), (384, np.float64(0.3977156487422972)), (364, np.float64(0.395071524360413)), (315, np.float64(0.38265436567269895)), (379, np.float64(0.33742038471733926)), (389, np.float64(0.2590514187167502))]"
1,0,0.6374088160932417,"[(317, np.float64(0.6671520100617673)), (200, np.float64(0.664595360759853)), (304, np.float64(0.6615400829121246)), (291, np.float64(0.651005327659793)), (322, np.float64(0.42438806823415587))]"
