Mention 1 Layer 3,Cluster,ClusterScore,TopLabelsFused
0,0,0.25041393489492714,"[(130, np.float64(0.306155661098231)), (47, np.float64(0.2997051045161811)), (64, np.float64(0.29351717806099836)), (53, np.float64(0.2907175560055843)), (62, np.float64(0.29032803024353976)), (44, np.float64(0.28484761882288717)), (170, np.float64(0.28430973748094884)), (129, np.float64(0.28070259156953864)), (54, np.float64(0.2789247852098973)), (52, np.float64(0.27886524899238807)), (125, np.float64(0.2758211166348263)), (33, np.float64(0.24108028632940376))]"
1,1,0.861536414452581,"[(63, np.float64(0.636742423368091)), (131, np.float64(0.6190620628894887)), (135, np.float64(0.5495544248414369)), (176, np.float64(0.5362211468560004)), (142, np.float64(0.5244470126144588)), (149, np.float64(0.5239067336758878)), (133, np.float64(0.51813308327325)), (150, np.float64(0.5097522814850795)), (155, np.float64(0.5083269866289607)), (177, np.float64(0.5066001166021691)), (175, np.float64(0.5036702094208632)), (136, np.float64(0.49800716067141393)), (174, np.float64(0.45483363350749595))]"
