Mention 0 Layer 4,Cluster,ClusterScore,TopLabelsFused
0,0,0.305274960686546,"[(264, np.float64(0.4604212421875646)), (240, np.float64(0.4572903527913955)), (397, np.float64(0.4532749662265875)), (301, np.float64(0.44686462162322255)), (263, np.float64(0.44474711648616994)), (314, np.float64(0.436141462328429))]"
1,1,0.9035346764842409,"[(350, np.float64(0.7837572102783154)), (366, np.float64(0.7721469426356043)), (277, np.float64(0.7526722633491657)), (343, np.float64(0.5562664875375045)), (378, np.float64(0.5254266761117999)), (381, np.float64(0.5171829718159703)), (382, np.float64(0.5138311397898847))]"
