Mention 0 Layer 4,Cluster,ClusterScore,TopLabelsFused
0,1,0.27466432556573184,"[(189, np.float64(0.44403519938386626)), (340, np.float64(0.42543363166091575)), (190, np.float64(0.3181366276925721)), (209, np.float64(0.2835759665086076)), (178, np.float64(0.2824458670965916)), (199, np.float64(0.2750320988954159))]"
1,0,0.7004471158158109,"[(156, np.float64(0.7089048168999369)), (127, np.float64(0.7063404060367269)), (171, np.float64(0.6964938822503576)), (154, np.float64(0.5254607093979067)), (169, np.float64(0.45745361037675053)), (138, np.float64(0.43769499745274854))]"
