Mention 6 Layer 4,Cluster,ClusterScore,TopLabelsFused
0,0,0.3748686461378551,"[(197, np.float64(0.5139807317611004)), (211, np.float64(0.5097764271426135)), (212, np.float64(0.3380681780140115)), (221, np.float64(0.3293254229943433)), (202, np.float64(0.3275709072322111)), (196, np.float64(0.32611657697821855))]"
1,1,0.5589946481143626,"[(287, np.float64(0.6252399196564784)), (293, np.float64(0.6146925844384546)), (286, np.float64(0.6144082779385862)), (288, np.float64(0.5829752179696855)), (243, np.float64(0.4116280994245924)), (386, np.float64(0.39635926547436245))]"
