Mention 4 Layer 4,Cluster,ClusterScore,TopLabelsFused
0,1,0.4648556266881238,"[(69, np.float64(0.5813365979983016)), (103, np.float64(0.577829243407657)), (57, np.float64(0.5398137323619008)), (60, np.float64(0.36764414396998796)), (74, np.float64(0.3592886927547633)), (76, np.float64(0.3592661566135834))]"
1,0,0.6893911041317063,"[(28, np.float64(0.8302957931554913)), (15, np.float64(0.6984974075346381)), (3, np.float64(0.681510518491768)), (43, np.float64(0.674280289086441)), (42, np.float64(0.45973300874462375)), (29, np.float64(0.45920828938892677))]"
