Mention 3 Layer 3,Cluster,ClusterScore,TopLabelsFused
0,0,0.36403303477634386,"[(1, np.float64(0.48717925914425825)), (185, np.float64(0.4137956359197881)), (117, np.float64(0.40361190955340104)), (50, np.float64(0.3969379190649151)), (114, np.float64(0.37583830117058487)), (61, np.float64(0.3532653745430157)), (66, np.float64(0.34504909974338804)), (20, np.float64(0.3445620519785698)), (49, np.float64(0.3382557165850013)), (12, np.float64(0.33706642784741153)), (108, np.float64(0.3311386135647896)), (112, np.float64(0.2968151492134424))]"
1,1,0.6437166090697716,"[(181, np.float64(0.6015736480998032)), (183, np.float64(0.5470702140972203)), (184, np.float64(0.5188021616061943)), (164, np.float64(0.5079928285711576)), (139, np.float64(0.4962241997472543)), (172, np.float64(0.48766375354559577)), (201, np.float64(0.46807557336813255)), (187, np.float64(0.46294579133007413)), (153, np.float64(0.4625836694209021)), (204, np.float64(0.46218017954906554)), (141, np.float64(0.42738514306488357)), (186, np.float64(0.4163219143699996)), (73, np.float64(0.4005303993673687))]"
