Mention 4 Layer 4,Cluster,ClusterScore,TopLabelsFused
0,0,0.3120262717733909,"[(17, np.float64(0.4693682324830517)), (13, np.float64(0.46928729534642033)), (9, np.float64(0.4371838831579818)), (8, np.float64(0.4251592018385017)), (14, np.float64(0.2963300391402175)), (18, np.float64(0.2905385352993276))]"
1,1,0.5369733098393735,"[(21, np.float64(0.7327846271854872)), (46, np.float64(0.6241643393214138)), (36, np.float64(0.6229919884296803)), (32, np.float64(0.6181778054286196)), (87, np.float64(0.4002093820747708)), (159, np.float64(0.381097100726784))]"
