Mention 7 Layer 3,Cluster,ClusterScore,TopLabelsFused
0,1,0.23968039728660917,"[(394, np.float64(0.48957164673478504)), (317, np.float64(0.39345159082389447)), (379, np.float64(0.32001498735077766)), (322, np.float64(0.3016753612417125)), (291, np.float64(0.3011698233594496)), (304, np.float64(0.2863492713836443)), (315, np.float64(0.2695894629106677)), (364, np.float64(0.2639111679703476)), (396, np.float64(0.2604035617323793)), (389, np.float64(0.25681779003888866)), (200, np.float64(0.2397088664109847)), (384, np.float64(0.2342654551561652)), (365, np.float64(0.2228971116578135))]"
1,0,0.812430733617952,"[(148, np.float64(0.7439926916909695)), (152, np.float64(0.713838270594397)), (167, np.float64(0.5930088646101992)), (193, np.float64(0.5423151080755545)), (166, np.float64(0.5192735930123847)), (163, np.float64(0.5173821832846185)), (278, np.float64(0.4978633130986236)), (383, np.float64(0.4894158892316369)), (203, np.float64(0.4872609234380578)), (206, np.float64(0.48609597918687425)), (157, np.float64(0.4819631211893059)), (207, np.float64(0.4161849264148671))]"
