Mention 1 Layer 4,Cluster,ClusterScore,TopLabelsFused
0,0,0.14472077447744822,"[(320, np.float64(0.30423461128541285)), (255, np.float64(0.29873551130955267)), (295, np.float64(0.29273791644505925)), (321, np.float64(0.26828793446966387)), (393, np.float64(0.21984256858773665)), (218, np.float64(0.20008865522026023))]"
1,1,0.6664208251473753,"[(354, np.float64(0.6782436193856188)), (346, np.float64(0.6289658683376044)), (375, np.float64(0.6198106715275618)), (302, np.float64(0.6100139036705567)), (355, np.float64(0.603572492629922)), (369, np.float64(0.5627305818182168)), (392, np.float64(0.46796861575397597))]"
