Mention 3 Layer 3,Cluster,ClusterScore,TopLabelsFused
0,1,0.21810077988943946,"[(277, np.float64(0.3429768963656264)), (350, np.float64(0.29839985803066177)), (366, np.float64(0.2968520097053921)), (301, np.float64(0.2902876983096267)), (240, np.float64(0.2858477464747716)), (264, np.float64(0.284859434850402)), (343, np.float64(0.2791903759752281)), (382, np.float64(0.26398949227970847)), (381, np.float64(0.25864154544595896)), (378, np.float64(0.25737477411618676)), (397, np.float64(0.25215669748735964)), (263, np.float64(0.24685655112074562)), (314, np.float64(0.23916312756696315))]"
1,0,0.7889502924577803,"[(232, np.float64(0.6383921898585875)), (370, np.float64(0.583245572109613)), (227, np.float64(0.5616637658139289)), (208, np.float64(0.5446448386370182)), (250, np.float64(0.541242794662728)), (258, np.float64(0.527382957259362)), (214, np.float64(0.5179901941332631)), (217, np.float64(0.5022222169835548)), (249, np.float64(0.49741847666982186)), (245, np.float64(0.48919807423189954)), (230, np.float64(0.445551068514472)), (205, np.float64(0.4282577888795653))]"
