Mention 1 Layer 4,Cluster,ClusterScore,TopLabelsFused
0,1,0.36381072937933884,"[(189, np.float64(0.5118136787384792)), (340, np.float64(0.4917803470814807)), (190, np.float64(0.34169249292020265)), (178, np.float64(0.32454892828961096)), (199, np.float64(0.32049967274470653)), (209, np.float64(0.3164444620748618))]"
1,0,0.5951029748996866,"[(171, np.float64(0.6506746663745526)), (156, np.float64(0.6488830581404367)), (127, np.float64(0.62553645993713)), (154, np.float64(0.5145601531534626)), (169, np.float64(0.4363807513063736)), (138, np.float64(0.395288401225259))]"
