Mention 1 Layer 3,Cluster,ClusterScore,TopLabelsFused
0,0,0.14503559656461232,"[(287, np.float64(0.29741478859740306)), (293, np.float64(0.26932527489949243)), (286, np.float64(0.26833581019232755)), (197, np.float64(0.23015436951379825)), (212, np.float64(0.22796220932471375)), (196, np.float64(0.21857442901471383)), (243, np.float64(0.21079319974591235)), (386, np.float64(0.2083335077112557)), (202, np.float64(0.20746442824204983)), (221, np.float64(0.20698555169823446)), (211, np.float64(0.20159510047574666)), (288, np.float64(0.1945963630283409))]"
1,1,0.5712540798806,"[(391, np.float64(0.7558135218958443)), (330, np.float64(0.6213384032604741)), (296, np.float64(0.5892671650405863)), (385, np.float64(0.49804897510917745)), (390, np.float64(0.4196489585517331)), (348, np.float64(0.4170623738436114)), (399, np.float64(0.4125113807579224)), (362, np.float64(0.41172676520135504)), (380, np.float64(0.4103731733512482)), (395, np.float64(0.40958510968790884)), (297, np.float64(0.4093035567330666)), (244, np.float64(0.40505583864532535)), (342, np.float64(0.40411443344871184))]"
