Mention 1 Layer 4,Cluster,ClusterScore,TopLabelsFused
0,0,0.17760487266417432,"[(89, np.float64(0.35092164803142756)), (225, np.float64(0.35051825741968035)), (140, np.float64(0.3467543377059337)), (223, np.float64(0.34503721833095513)), (143, np.float64(0.27856641232420476)), (251, np.float64(0.22540839704418805))]"
1,1,0.3003999549537835,"[(247, np.float64(0.4577054355144177)), (180, np.float64(0.45606673971292977)), (237, np.float64(0.45559984574310386)), (241, np.float64(0.45172899588243254)), (242, np.float64(0.30115469065661776)), (226, np.float64(0.293755205023404)), (228, np.float64(0.29369456227771534))]"
