Mention 1 Layer 4,Cluster,ClusterScore,TopLabelsFused
0,1,0.41242739454119126,"[(268, np.float64(0.49583263757256124)), (272, np.float64(0.4862581922487118)), (233, np.float64(0.4620186000192066)), (335, np.float64(0.4420626813964886)), (260, np.float64(0.380772922804739)), (261, np.float64(0.33449887234990866))]"
1,0,0.5892049968809566,"[(231, np.float64(0.6329351598757925)), (219, np.float64(0.6312047284658517)), (179, np.float64(0.6095239218353258)), (213, np.float64(0.4700810228395076)), (192, np.float64(0.46341253329243143)), (191, np.float64(0.4336845397123054))]"
