Mention 4 Layer 2,Cluster,ClusterScore,TopLabelsFused
0,1,0.5129436938265849,"[(360, np.float64(0.7162008753321828)), (279, np.float64(0.4922929379317529)), (259, np.float64(0.477198717768528)), (341, np.float64(0.4625707415674587)), (276, np.float64(0.44911264008659485)), (294, np.float64(0.44839224023503604)), (292, np.float64(0.44458303318210873)), (298, np.float64(0.4355917128259181)), (303, np.float64(0.4346217714535837)), (267, np.float64(0.4233433529127786)), (373, np.float64(0.4116297659137718)), (265, np.float64(0.4109159864571748)), (368, np.float64(0.38185015680700624)), (347, np.float64(0.37772945822743254)), (305, np.float64(0.36603793517486655)), (306, np.float64(0.36549020848069425)), (359, np.float64(0.3616252673302238)), (363, np.float64(0.36139630710652026)), (371, np.float64(0.3563577998757487)), (300, np.float64(0.3500054692120696)), (377, np.float64(0.33348206334301317)), (345, np.float64(0.3109690271818313)), (318, np.float64(0.3071612124086224)), (367, np.float64(0.2884156564760036)), (344, np.float64(0.2826280502605326))]"
1,0,0.5145529706696463,"[(110, np.float64(0.4496363652104983)), (5, np.float64(0.4489050586027949)), (71, np.float64(0.4365767753526877)), (99, np.float64(0.41853882124381087)), (237, np.float64(0.41778488484510884)), (65, np.float64(0.41777553501461195)), (226, np.float64(0.4151036328330083)), (140, np.float64(0.41248313739502834)), (10, np.float64(0.4109126637491855)), (238, np.float64(0.4016232370007163)), (242, np.float64(0.3965891601284645)), (228, np.float64(0.38360632382688653)), (247, np.float64(0.3822870426559524)), (251, np.float64(0.38024200876913694)), (96, np.float64(0.37986418870864935)), (241, np.float64(0.37628724487473025)), (223, np.float64(0.37610261797005795)), (26, np.float64(0.3755504461193856)), (225, np.float64(0.37185552704576735)), (180, np.float64(0.3713745080232601)), (34, np.float64(0.36433214237223727)), (7, np.float64(0.33276263733573214)), (105, np.float64(0.3279319999043431)), (143, np.float64(0.3217016171835844)), (89, np.float64(0.3010296101610377))]"
