Mention 0 Layer 3,Cluster,ClusterScore,TopLabelsFused
0,0,0.5096613664920914,"[(148, np.float64(0.5818265396909423)), (152, np.float64(0.5722612613191637)), (193, np.float64(0.44993734740881297)), (167, np.float64(0.4233298977539235)), (163, np.float64(0.4189796898432844)), (166, np.float64(0.41889712388809514)), (383, np.float64(0.3999893017859428)), (278, np.float64(0.39990015042357535)), (206, np.float64(0.39742784945703147)), (203, np.float64(0.3907333804543623)), (157, np.float64(0.37716722564332017)), (207, np.float64(0.3509520471791301))]"
1,1,0.5752687199648086,"[(394, np.float64(0.7584647124057972)), (317, np.float64(0.5734485127271357)), (379, np.float64(0.5181435294863987)), (291, np.float64(0.4653485996461352)), (304, np.float64(0.45985903109474174)), (322, np.float64(0.4555683091739145)), (315, np.float64(0.42102412419713514)), (396, np.float64(0.4026275441927143)), (389, np.float64(0.40035679744343566)), (364, np.float64(0.39184699507653414)), (365, np.float64(0.3853320848408663)), (384, np.float64(0.3709795675064069)), (200, np.float64(0.36904157645619795))]"
