Mention 0 Layer 3,Cluster,ClusterScore,TopLabelsFused
0,0,0.11415444003739612,"[(287, np.float64(0.2626105838868742)), (286, np.float64(0.23555208115747536)), (293, np.float64(0.23458388502536762)), (197, np.float64(0.20722960231017135)), (212, np.float64(0.19970302216532396)), (196, np.float64(0.19369444648034037)), (211, np.float64(0.1928323681860105)), (243, np.float64(0.18668853622915024)), (386, np.float64(0.18430324632950243)), (202, np.float64(0.18398807048356355)), (221, np.float64(0.18310568708598451)), (288, np.float64(0.167647208425364))]"
1,1,0.6375436711622419,"[(391, np.float64(0.798463318607838)), (330, np.float64(0.6485754546757757)), (296, np.float64(0.6257115416255705)), (385, np.float64(0.5108128827953098)), (362, np.float64(0.44703287151646054)), (390, np.float64(0.44407863595705815)), (348, np.float64(0.4376679385801608)), (399, np.float64(0.4337300182435494)), (297, np.float64(0.43207008416835324)), (395, np.float64(0.4303111126980438)), (380, np.float64(0.42561263774203517)), (342, np.float64(0.4250148069361135)), (244, np.float64(0.423666084186622))]"
