Mention 4 Layer 3,Cluster,ClusterScore,TopLabelsFused
0,1,0.29146273052442306,"[(360, np.float64(0.5398728836720946)), (341, np.float64(0.3725249311590791)), (298, np.float64(0.33826359687919816)), (368, np.float64(0.32179762218143065)), (363, np.float64(0.3069214044410337)), (359, np.float64(0.30683492267503887)), (347, np.float64(0.3067272620199482)), (377, np.float64(0.3056735580067085)), (373, np.float64(0.29115446195050887)), (371, np.float64(0.28116590633692357)), (318, np.float64(0.27633229626275907)), (345, np.float64(0.2539668945000983)), (344, np.float64(0.24673632769008486))]"
1,0,0.6133814212875589,"[(279, np.float64(0.5266108471672912)), (303, np.float64(0.4849847188559007)), (292, np.float64(0.47095262643540975)), (259, np.float64(0.45126428746216113)), (294, np.float64(0.44971884341749463)), (267, np.float64(0.4491978429198187)), (276, np.float64(0.4344854398356111)), (306, np.float64(0.43276248533645206)), (265, np.float64(0.4164288438067874)), (300, np.float64(0.40653145574532984)), (305, np.float64(0.4065046012438932)), (367, np.float64(0.3532709572259558))]"
