Mention 0 Layer 4,Cluster,ClusterScore,TopLabelsFused
0,1,0.2503839239719803,"[(118, np.float64(0.5003837766874345)), (86, np.float64(0.4230312143827216)), (85, np.float64(0.4196895481150638)), (121, np.float64(0.414668474884516)), (94, np.float64(0.2772929952268594)), (82, np.float64(0.27162947931498077)), (115, np.float64(0.2633539445509992))]"
1,0,0.614596315033735,"[(81, np.float64(0.6627310423863279)), (58, np.float64(0.6520080847926523)), (126, np.float64(0.6514258434595167)), (84, np.float64(0.6471727318389955)), (83, np.float64(0.41853662814932974)), (80, np.float64(0.40617935899519203))]"
