Mention 3 Layer 3,Cluster,ClusterScore,TopLabelsFused
0,1,0.38878948853552264,"[(132, np.float64(0.6235298617833172)), (113, np.float64(0.44755404942454075)), (68, np.float64(0.41643586009205924)), (72, np.float64(0.3712881574350899)), (146, np.float64(0.34370439688494026)), (104, np.float64(0.34268354471052886)), (145, np.float64(0.34006026849751164)), (109, np.float64(0.3361858295565556)), (134, np.float64(0.33223957222127165)), (91, np.float64(0.3302688514273179)), (70, np.float64(0.3279769919504252)), (41, np.float64(0.32445945825459727)), (75, np.float64(0.2897171375024716))]"
1,0,0.7253338279447182,"[(2, np.float64(0.5247072046355844)), (0, np.float64(0.5124343385795139)), (11, np.float64(0.5100546551210654)), (39, np.float64(0.47542156534853014)), (31, np.float64(0.47312975562728293)), (67, np.float64(0.47036186451746936)), (48, np.float64(0.4408367755606726)), (51, np.float64(0.4358897259554216)), (6, np.float64(0.42242558731449387)), (128, np.float64(0.412249534201133)), (40, np.float64(0.4116457550580637)), (59, np.float64(0.3958711898002866))]"
