Mention 4 Layer 4,Cluster,ClusterScore,TopLabelsFused
0,0,0.30611036409289705,"[(295, np.float64(0.4499544169155324)), (320, np.float64(0.44981386530031314)), (255, np.float64(0.443149987343809)), (321, np.float64(0.40917787762504293)), (393, np.float64(0.2965153887793759)), (218, np.float64(0.28390870321723966))]"
1,1,0.42411815422797794,"[(354, np.float64(0.537332002117711)), (302, np.float64(0.5340958277962488)), (355, np.float64(0.5070271227314439)), (346, np.float64(0.5055632544120219)), (369, np.float64(0.47836239410266423)), (375, np.float64(0.45152812041582113)), (392, np.float64(0.3490297248831885))]"
