Mention 2 Layer 3,Cluster,ClusterScore,TopLabelsFused
0,1,0.4419281652294642,"[(394, np.float64(0.6647767784974624)), (317, np.float64(0.519277053180567)), (379, np.float64(0.4412364025124723)), (291, np.float64(0.41845570337439936)), (322, np.float64(0.3963196806155465)), (304, np.float64(0.3836145472394509)), (315, np.float64(0.3616228488898151)), (364, np.float64(0.357115141951681)), (396, np.float64(0.35327753883406593)), (389, np.float64(0.3501085800777017)), (200, np.float64(0.3374753946367896)), (365, np.float64(0.3314510502938947)), (384, np.float64(0.3153117385907806))]"
1,0,0.6361532186986102,"[(148, np.float64(0.6606338005189454)), (152, np.float64(0.6386580445506757)), (167, np.float64(0.5183755900176583)), (193, np.float64(0.4908571092977099)), (163, np.float64(0.4580138694556998)), (166, np.float64(0.45767221627255766)), (278, np.float64(0.4419692309474605)), (383, np.float64(0.4392221730060778)), (206, np.float64(0.43549772102204726)), (203, np.float64(0.43229299819434525)), (157, np.float64(0.419719435869984)), (207, np.float64(0.355955761659912))]"
