Mention 3 Layer 4,Cluster,ClusterScore,TopLabelsFused
0,0,0.39832263692096975,"[(266, np.float64(0.5229635910788037)), (254, np.float64(0.5064242197600611)), (173, np.float64(0.4993579725072889)), (269, np.float64(0.47311393978753224)), (252, np.float64(0.446590205936199))]"
1,1,0.6593358611134267,"[(274, np.float64(0.6709802458356771)), (281, np.float64(0.6607217801682974)), (271, np.float64(0.5873263081424763)), (262, np.float64(0.47102006314391714)), (270, np.float64(0.45780912534445944)), (283, np.float64(0.4418992145193195)), (282, np.float64(0.3812069719789883))]"
