Mention 1 Layer 4,Cluster,ClusterScore,TopLabelsFused
0,1,0.4673252972475907,"[(193, np.float64(0.5816235705724796)), (207, np.float64(0.5801397731712614)), (383, np.float64(0.36496501627364386)), (206, np.float64(0.36264693223295097)), (203, np.float64(0.3587255667223893)), (278, np.float64(0.3574079668366167))]"
1,0,0.8577966458604731,"[(148, np.float64(0.7817723282156771)), (152, np.float64(0.7788402505168622)), (167, np.float64(0.7733303140098227)), (157, np.float64(0.7719724220884581)), (166, np.float64(0.4873726459263429)), (163, np.float64(0.48487872917148234))]"
