Mention 5 Layer 4,Cluster,ClusterScore,TopLabelsFused
0,1,0.46486911767011035,"[(98, np.float64(0.5808968415786001)), (102, np.float64(0.563682810447195)), (120, np.float64(0.5634703603177714)), (111, np.float64(0.5565356845329409)), (123, np.float64(0.5540489434638416)), (78, np.float64(0.36037285853067924)), (119, np.float64(0.3575371612782953))]"
1,0,0.524664930088795,"[(144, np.float64(0.6142847408449548)), (77, np.float64(0.6120856758051023)), (90, np.float64(0.601831375527498)), (97, np.float64(0.40957184183610457)), (30, np.float64(0.38278715478992925)), (56, np.float64(0.3827619250753309))]"
