Mention 2 Layer 3,Cluster,ClusterScore,TopLabelsFused
0,0,0.2061614644834191,"[(279, np.float64(0.28180334833547643)), (292, np.float64(0.27167353618917145)), (306, np.float64(0.2588496243498443)), (294, np.float64(0.25719312628701485)), (265, np.float64(0.25699277678074506)), (300, np.float64(0.2569029463688996)), (267, np.float64(0.25631285261422276)), (303, np.float64(0.2534017059038606)), (276, np.float64(0.24483194519413107)), (259, np.float64(0.23408842135293878)), (305, np.float64(0.23343212568044303)), (367, np.float64(0.23195720206613596))]"
1,1,0.7438319407985182,"[(360, np.float64(0.8624569211262196)), (359, np.float64(0.66304940020835)), (363, np.float64(0.5352639114973717)), (341, np.float64(0.4890721451610861)), (368, np.float64(0.48775124029605293)), (347, np.float64(0.4874813470879066)), (377, np.float64(0.484562089053218)), (373, np.float64(0.45581746792078137)), (298, np.float64(0.45347935531215705)), (345, np.float64(0.42735114007010266)), (371, np.float64(0.4256730584925971)), (318, np.float64(0.4215998382333941)), (344, np.float64(0.38764928282886296))]"
