Mention 2 Layer 4,Cluster,ClusterScore,TopLabelsFused
0,0,0.4074912662156098,"[(336, np.float64(0.5264232456163326)), (329, np.float64(0.4865384503355315)), (331, np.float64(0.44538157292551933)), (324, np.float64(0.3985165870579878)), (334, np.float64(0.3830638026572258))]"
1,1,0.5111355376539087,"[(376, np.float64(0.5559722389570726)), (351, np.float64(0.5099716810984266)), (356, np.float64(0.5032576729432858)), (332, np.float64(0.4825400298375153)), (374, np.float64(0.45249400203481294)), (338, np.float64(0.41919104272991725)), (337, np.float64(0.41156696626549794))]"
