Mention 1 Layer 2,Cluster,ClusterScore,TopLabelsFused
0,1,0.38419019554239364,"[(360, np.float64(0.6198307797636332)), (341, np.float64(0.3935765506988861)), (294, np.float64(0.35957798378352485)), (303, np.float64(0.35892544576754826)), (368, np.float64(0.34668586915494615)), (305, np.float64(0.3415747383372109)), (373, np.float64(0.33059411937364164)), (279, np.float64(0.32498331618027443)), (276, np.float64(0.32354890888597826)), (259, np.float64(0.3144234029469367)), (359, np.float64(0.3138941700390641)), (363, np.float64(0.307638981077743)), (265, np.float64(0.3018378657804791)), (300, np.float64(0.29965141712726223)), (377, np.float64(0.29640107515464625)), (292, np.float64(0.286129887426012)), (298, np.float64(0.28494513616121053)), (345, np.float64(0.28280981800463856)), (267, np.float64(0.27577350411961127)), (306, np.float64(0.27457125016341294)), (371, np.float64(0.2563595123721885)), (367, np.float64(0.2550509756418649)), (347, np.float64(0.2443320848118649)), (344, np.float64(0.23218838350549162)), (318, np.float64(0.20129311935091068))]"
1,0,0.6361804192631246,"[(10, np.float64(0.594168742726349)), (96, np.float64(0.46635573207727565)), (226, np.float64(0.4479683799675822)), (180, np.float64(0.44396340131803735)), (5, np.float64(0.43674874149542486)), (143, np.float64(0.4346803567475376)), (242, np.float64(0.4325620596310063)), (99, np.float64(0.43162341169873203)), (238, np.float64(0.42773115602929446)), (228, np.float64(0.42543045736225316)), (251, np.float64(0.4199624193638492)), (225, np.float64(0.4189897234236606)), (140, np.float64(0.4154990702376005)), (241, np.float64(0.415129657906206)), (26, np.float64(0.3913841324764854)), (34, np.float64(0.3825467343174368)), (110, np.float64(0.37944165781043515)), (71, np.float64(0.3519734145870371)), (223, np.float64(0.35087136510325556)), (247, np.float64(0.35024429039335764)), (7, np.float64(0.3453543770495611)), (237, np.float64(0.3445850479038925)), (89, np.float64(0.3208074478610478)), (65, np.float64(0.3088726952562145)), (105, np.float64(0.2886122774715716))]"
