Mention 1 Layer 3,Cluster,ClusterScore,TopLabelsFused
0,1,0.15227208667437872,"[(274, np.float64(0.2681860440836752)), (281, np.float64(0.2613833914355429)), (254, np.float64(0.24416637439662733)), (266, np.float64(0.24030870684433417)), (173, np.float64(0.2298783259487501)), (271, np.float64(0.22684567273145326)), (252, np.float64(0.22484370178040836)), (269, np.float64(0.21651204679943806)), (262, np.float64(0.20946370093443528)), (282, np.float64(0.19527163854698812)), (283, np.float64(0.1766021671834563)), (270, np.float64(0.17195994233087009)), (284, np.float64(0.17048265320200515))]"
1,0,0.7811392629795149,"[(79, np.float64(0.660043578297333)), (215, np.float64(0.5240325255852226)), (45, np.float64(0.4964449795914069)), (235, np.float64(0.48775193517480614)), (122, np.float64(0.485612431307481)), (151, np.float64(0.4682950496005739)), (107, np.float64(0.4544721370880209)), (280, np.float64(0.4499235804518013)), (234, np.float64(0.4486197097650005)), (124, np.float64(0.4449125283410797)), (165, np.float64(0.41516632250728364)), (236, np.float64(0.41402159264569505))]"
