Mention 6 Layer 4,Cluster,ClusterScore,TopLabelsFused
0,1,0.6402577458125073,"[(193, np.float64(0.6813917674870168)), (207, np.float64(0.6775474254074411)), (383, np.float64(0.4273128159069493)), (206, np.float64(0.4236709310528397)), (203, np.float64(0.4207972137807578)), (278, np.float64(0.4193279668353755))]"
1,0,0.7264227269904421,"[(152, np.float64(0.7183412620929672)), (148, np.float64(0.7150695339430349)), (157, np.float64(0.7111088423569862)), (167, np.float64(0.709104916770912)), (166, np.float64(0.4524996340252375)), (163, np.float64(0.4499059139004608))]"
