Mention 2 Layer 3,Cluster,ClusterScore,TopLabelsFused
0,0,0.16106303770949132,"[(64, np.float64(0.25034354371540896)), (47, np.float64(0.2442035164067032)), (125, np.float64(0.23657068931519346)), (62, np.float64(0.2350693828296738)), (53, np.float64(0.2327853528383296)), (44, np.float64(0.22757014332908085)), (52, np.float64(0.223368299329376)), (129, np.float64(0.22310862025952574)), (130, np.float64(0.22275896698855677)), (54, np.float64(0.21951485382060404)), (170, np.float64(0.21771976224063597)), (33, np.float64(0.19373260653855262))]"
1,1,0.9175385915238308,"[(63, np.float64(0.6675835752984567)), (131, np.float64(0.6049031780026335)), (176, np.float64(0.5868688805498351)), (135, np.float64(0.5850682393874415)), (149, np.float64(0.5755265639656975)), (133, np.float64(0.5568912500759945)), (150, np.float64(0.5275346495820287)), (177, np.float64(0.5268196559446027)), (155, np.float64(0.5253847824283441)), (175, np.float64(0.5149522390334839)), (136, np.float64(0.5121708017561165)), (174, np.float64(0.4822986456948638)), (142, np.float64(0.47150997650425863))]"
