Mention 4 Layer 3,Cluster,ClusterScore,TopLabelsFused
0,0,0.40239418094610246,"[(129, np.float64(0.43222951166839535)), (125, np.float64(0.38672900699799856)), (54, np.float64(0.37277139428097283)), (53, np.float64(0.36986139633051635)), (44, np.float64(0.3697532655101991)), (64, np.float64(0.36740130651532316)), (62, np.float64(0.36581640821588335)), (130, np.float64(0.3628696893694225)), (170, np.float64(0.3586239335779763)), (52, np.float64(0.3523104332541734)), (47, np.float64(0.3366762917153357)), (33, np.float64(0.28291140386472935))]"
1,1,0.717457703845249,"[(63, np.float64(0.6140223354616189)), (131, np.float64(0.53615558815262)), (149, np.float64(0.4951306589188726)), (135, np.float64(0.48633219979720616)), (142, np.float64(0.4633594360606145)), (155, np.float64(0.45758239330030576)), (150, np.float64(0.455548604038553)), (177, np.float64(0.45538776708091744)), (175, np.float64(0.4497814395720835)), (133, np.float64(0.44852752463536877)), (136, np.float64(0.44746487624914416)), (176, np.float64(0.4269246250684972)), (174, np.float64(0.42671921043471317))]"
