Mention 7 Layer 4,Cluster,ClusterScore,TopLabelsFused
0,1,0.2500645962768295,"[(394, np.float64(0.5000645921046895)), (384, np.float64(0.41874266307215524)), (365, np.float64(0.4186197860250429)), (364, np.float64(0.4157502252861552)), (315, np.float64(0.40714784663390324)), (379, np.float64(0.365427276667322)), (389, np.float64(0.26756173205639283))]"
1,0,0.5980737077135118,"[(317, np.float64(0.6507911174840286)), (304, np.float64(0.6437194242609052)), (200, np.float64(0.6434121394038109)), (291, np.float64(0.6321539719298165)), (322, np.float64(0.4164214787134083))]"
