Mention 1 Layer 4,Cluster,ClusterScore,TopLabelsFused
0,0,0.39532478099142565,"[(17, np.float64(0.528597052981555)), (13, np.float64(0.5256191539221039)), (9, np.float64(0.4907947818911681)), (8, np.float64(0.43835736298747324)), (14, np.float64(0.3354804670813893)), (18, np.float64(0.3324883212469683))]"
1,1,0.43587843400552845,"[(21, np.float64(0.6602109011562354)), (46, np.float64(0.5604969471679488)), (36, np.float64(0.5601511167951416)), (32, np.float64(0.5562825437174517)), (87, np.float64(0.3608897799219484)), (159, np.float64(0.34578916413999333))]"
