Mention 1 Layer 3,Cluster,ClusterScore,TopLabelsFused
0,0,0.3487670751858771,"[(312, np.float64(0.44414648421167596)), (328, np.float64(0.38393901069795927)), (327, np.float64(0.3595102663281026)), (289, np.float64(0.3322175339556821)), (319, np.float64(0.32767615021215235)), (325, np.float64(0.3138844393934612)), (352, np.float64(0.31199276264658665)), (326, np.float64(0.3064000206005329)), (323, np.float64(0.2984369809903483)), (313, np.float64(0.2944969077303095)), (309, np.float64(0.2900480203816783)), (311, np.float64(0.2776779291608412))]"
1,1,0.7012324907564373,"[(387, np.float64(0.5592866597270757)), (351, np.float64(0.5461107596737803)), (338, np.float64(0.5158545373267769)), (336, np.float64(0.5073224336857933)), (334, np.float64(0.5034472810957846)), (356, np.float64(0.4963035103923679)), (374, np.float64(0.46298834821179036)), (324, np.float64(0.4391196500163038)), (376, np.float64(0.4323763487631141)), (332, np.float64(0.42397291262525477)), (329, np.float64(0.4140375168345745)), (331, np.float64(0.4081111880723771)), (337, np.float64(0.3680665302003031))]"
