Mention 1 Layer 2,Cluster,ClusterScore,TopLabelsFused
0,1,0.1718310817764173,"[(391, np.float64(0.4145251280398057)), (330, np.float64(0.2710544982869279)), (293, np.float64(0.27071779087230463)), (286, np.float64(0.25750390195418804)), (385, np.float64(0.23818842672355556)), (348, np.float64(0.228146351608483)), (386, np.float64(0.22457833321829782)), (243, np.float64(0.22343116758584902)), (196, np.float64(0.2218128019052086)), (395, np.float64(0.22098475316253888)), (221, np.float64(0.22093672397720748)), (342, np.float64(0.22011722801345907)), (202, np.float64(0.21912969913425784)), (380, np.float64(0.21892840264409905)), (399, np.float64(0.21698746201275618)), (297, np.float64(0.21677612717056136)), (212, np.float64(0.21251464848888948)), (211, np.float64(0.21081099280259333)), (197, np.float64(0.20671967077462508)), (287, np.float64(0.2057898418011267)), (296, np.float64(0.20228961910068355)), (390, np.float64(0.1976787153335026)), (244, np.float64(0.19581876296467762)), (362, np.float64(0.1899381351157953)), (288, np.float64(0.16920840325695408))]"
1,0,0.805272282137833,"[(21, np.float64(0.8973696463207528)), (162, np.float64(0.8973696463207528)), (93, np.float64(0.5802813605102086)), (8, np.float64(0.5483676861661867)), (17, np.float64(0.5392161414039349)), (88, np.float64(0.5173679805096306)), (36, np.float64(0.4971018692089214)), (46, np.float64(0.4964720102099429)), (137, np.float64(0.49091464712691313)), (87, np.float64(0.4884198930983345)), (101, np.float64(0.4861110724769244)), (160, np.float64(0.48089965351506936)), (159, np.float64(0.47956257562548543)), (106, np.float64(0.4578317673632791)), (95, np.float64(0.45736915266282546)), (32, np.float64(0.44768698919236505)), (100, np.float64(0.44690697291668463)), (14, np.float64(0.4410954276724043)), (24, np.float64(0.44042316170027135)), (18, np.float64(0.415521731912114)), (168, np.float64(0.4052538072726838)), (195, np.float64(0.37964779950095073)), (92, np.float64(0.37621186696388387)), (9, np.float64(0.37198867938259467)), (13, np.float64(0.33055663919121775))]"
