Mention 4 Layer 4,Cluster,ClusterScore,TopLabelsFused
0,1,0.41590795075245535,"[(258, np.float64(0.5431174899664359)), (370, np.float64(0.543098955581187)), (249, np.float64(0.54203556591249)), (232, np.float64(0.5346969592157169)), (245, np.float64(0.5204636159848159)), (250, np.float64(0.3409136724440847))]"
1,0,0.4692105966170124,"[(217, np.float64(0.5764781912805396)), (227, np.float64(0.5656765287638641)), (205, np.float64(0.5397866086019377)), (230, np.float64(0.5380911464712672)), (208, np.float64(0.45384999156298983)), (214, np.float64(0.37269610813379594))]"
