Mention 0 Layer 4,Cluster,ClusterScore,TopLabelsFused
0,0,0.2547119699061679,"[(341, np.float64(0.4126610651814853)), (377, np.float64(0.3798683723144712)), (298, np.float64(0.3720656378055948)), (347, np.float64(0.3549947470965891)), (345, np.float64(0.2762906980383889)), (318, np.float64(0.2249571264628334))]"
1,1,0.7231175795076344,"[(360, np.float64(0.8503632044647949)), (359, np.float64(0.7201442678295553)), (363, np.float64(0.7175819403032491)), (368, np.float64(0.6735789305877111)), (371, np.float64(0.6084682768422449)), (373, np.float64(0.4580572978320929)), (344, np.float64(0.44646633675550695))]"
