Mention 1 Layer 4,Cluster,ClusterScore,TopLabelsFused
0,1,0.1871059040601966,"[(118, np.float64(0.4325573997288644)), (85, np.float64(0.36318642373455734)), (86, np.float64(0.3615242909510866)), (121, np.float64(0.3588891055538244)), (94, np.float64(0.23834279258646698)), (82, np.float64(0.23685083094919432)), (115, np.float64(0.22840313443459165))]"
1,0,0.7214739859183735,"[(81, np.float64(0.7171788484266998)), (84, np.float64(0.7029341541016413)), (58, np.float64(0.701684588265099)), (126, np.float64(0.6971699673022071)), (83, np.float64(0.456620275942381)), (80, np.float64(0.4535625050715581))]"
