Mention 0 Layer 4,Cluster,ClusterScore,TopLabelsFused
0,1,0.30678748137034834,"[(129, np.float64(0.4667811195018245)), (170, np.float64(0.46542102024965254)), (130, np.float64(0.4594354328605792)), (64, np.float64(0.45466847638538427)), (125, np.float64(0.3157882416290905)), (62, np.float64(0.2953229296855733))]"
1,0,0.39180718263658676,"[(47, np.float64(0.5231098277106738)), (54, np.float64(0.4930814311625182)), (44, np.float64(0.48021551552221176)), (33, np.float64(0.43087393369968896)), (53, np.float64(0.3600385321664877)), (52, np.float64(0.34151850540162787))]"
