Mention 4 Layer 2,Cluster,ClusterScore,TopLabelsFused
0,1,0.39748748834265285,"[(127, np.float64(0.41175338723120086)), (156, np.float64(0.40607707248361563)), (256, np.float64(0.4055111198185573)), (361, np.float64(0.37571796196118107)), (388, np.float64(0.34397872501130966)), (224, np.float64(0.34150068978599196)), (349, np.float64(0.34000332894470675)), (257, np.float64(0.33697844571064445)), (169, np.float64(0.3352448491103163)), (171, np.float64(0.3337630150880679)), (398, np.float64(0.33090558444340595)), (285, np.float64(0.3274763081694666)), (199, np.float64(0.32491579041332463)), (189, np.float64(0.32259591854086317)), (178, np.float64(0.3197219423088862)), (253, np.float64(0.31459131146614827)), (209, np.float64(0.30330237024561235)), (299, np.float64(0.30211021699535884)), (190, np.float64(0.29832419606777266)), (154, np.float64(0.2784614813407364)), (210, np.float64(0.26736666296713246)), (222, np.float64(0.2655918842252734)), (188, np.float64(0.2547204046513648)), (340, np.float64(0.2539636358949669)), (138, np.float64(0.25031606414096774))]"
1,0,0.6104455791640143,"[(28, np.float64(0.7813101683480219)), (118, np.float64(0.7813101683480219)), (3, np.float64(0.5681091249576407)), (69, np.float64(0.5318271587463925)), (86, np.float64(0.4553915279338403)), (115, np.float64(0.4243741753609193)), (76, np.float64(0.42073798973703636)), (60, np.float64(0.41958979042686856)), (74, np.float64(0.4189522041975202)), (29, np.float64(0.41615406802505)), (83, np.float64(0.4152771205767504)), (82, np.float64(0.4139009787784253)), (81, np.float64(0.4069470159648023)), (80, np.float64(0.4002950287050192)), (43, np.float64(0.39995340314892)), (94, np.float64(0.39810355169200756)), (126, np.float64(0.3959474601180276)), (103, np.float64(0.39027089688389865)), (121, np.float64(0.3798065321487769)), (58, np.float64(0.35916095064931425)), (57, np.float64(0.354496418473329)), (42, np.float64(0.3515278420775454)), (15, np.float64(0.3500548592775124)), (84, np.float64(0.3373663682099059)), (85, np.float64(0.30239107407060783))]"
