Mention 1 Layer 4,Cluster,ClusterScore,TopLabelsFused
0,1,0.2067890089956541,"[(290, np.float64(0.45474059528004984)), (333, np.float64(0.38457995914238174)), (310, np.float64(0.3835671942100127)), (353, np.float64(0.2515983138633297)), (358, np.float64(0.25099443915112996)), (339, np.float64(0.24811343015606024)), (316, np.float64(0.2405436249964682))]"
1,0,0.7075792782921282,"[(307, np.float64(0.7035906767886174)), (273, np.float64(0.6852302966430908)), (239, np.float64(0.6824747452373371)), (275, np.float64(0.6525723729093054)), (308, np.float64(0.64367577362729))]"
