Mention 4 Layer 4,Cluster,ClusterScore,TopLabelsFused
0,0,0.34916109956798347,"[(307, np.float64(0.4944043412622634)), (273, np.float64(0.48096905789641675)), (239, np.float64(0.4779487903077044)), (275, np.float64(0.46714376440281785)), (308, np.float64(0.44663450990213177))]"
1,1,0.53143285394169,"[(290, np.float64(0.7289944128329723)), (310, np.float64(0.6177068313339354)), (333, np.float64(0.6164696098957756)), (358, np.float64(0.4035436678015306)), (353, np.float64(0.40281850299837924)), (339, np.float64(0.3965611500809104)), (316, np.float64(0.3853421808636379))]"
