Mention 1 Layer 3,Cluster,ClusterScore,TopLabelsFused
0,1,0.23977631940534458,"[(277, np.float64(0.3591998155474434)), (343, np.float64(0.32775290108223465)), (366, np.float64(0.31427099881868603)), (301, np.float64(0.29718400271202156)), (350, np.float64(0.29027076406551783)), (264, np.float64(0.2897164378903202)), (240, np.float64(0.28641393283563576)), (382, np.float64(0.2795052701498859)), (263, np.float64(0.2737548162664069)), (381, np.float64(0.27256558380133084)), (378, np.float64(0.2711019084873603)), (314, np.float64(0.2536680133667851)), (397, np.float64(0.25308768265036985))]"
1,0,0.7682156756201596,"[(232, np.float64(0.6501364970229228)), (208, np.float64(0.5594366294482201)), (370, np.float64(0.5590828303011041)), (217, np.float64(0.5533336607826365)), (227, np.float64(0.5520449847061087)), (250, np.float64(0.5444200394060208)), (258, np.float64(0.5306784024447296)), (214, np.float64(0.5133041921925227)), (245, np.float64(0.47451292717458105)), (205, np.float64(0.4401552787515939)), (249, np.float64(0.4360759151179537)), (230, np.float64(0.4161671653708008))]"
