Mention 4 Layer 4,Cluster,ClusterScore,TopLabelsFused
0,0,0.31779474100375676,"[(256, np.float64(0.47648520480129253)), (222, np.float64(0.45641482273128975)), (188, np.float64(0.4459222729003995)), (210, np.float64(0.3579872447797803)), (253, np.float64(0.33820695138750245)), (398, np.float64(0.31210551964043676))]"
1,1,0.7217633526831282,"[(361, np.float64(0.7117033311322902)), (285, np.float64(0.7058646174898138)), (299, np.float64(0.6951903060882074)), (388, np.float64(0.46890690409190455)), (224, np.float64(0.4688828489885565)), (257, np.float64(0.45356029238548573)), (349, np.float64(0.4529908064793262))]"
