Mention 0 Layer 4,Cluster,ClusterScore,TopLabelsFused
0,1,0.40209420723871897,"[(376, np.float64(0.49829861350068444)), (356, np.float64(0.4557264881402052)), (332, np.float64(0.4535841049983121)), (351, np.float64(0.4197193478493112)), (337, np.float64(0.38414428786311783)), (374, np.float64(0.37828128739434186)), (338, np.float64(0.3712305756448079))]"
1,0,0.5197291238667596,"[(336, np.float64(0.597059165875659)), (329, np.float64(0.5616031411441409)), (331, np.float64(0.5113887176051043)), (324, np.float64(0.4262823777464988)), (334, np.float64(0.41486568261655643))]"
