Mention 3 Layer 4,Cluster,ClusterScore,TopLabelsFused
0,0,0.3765804592673201,"[(264, np.float64(0.5108455077990496)), (240, np.float64(0.50866737560076)), (397, np.float64(0.5058431847257464)), (301, np.float64(0.4955705833073169)), (263, np.float64(0.4942079038272158)), (314, np.float64(0.48089300594416834))]"
1,1,0.8724117271864624,"[(350, np.float64(0.7726425536612287)), (366, np.float64(0.7605929638347744)), (277, np.float64(0.7355801473945088)), (343, np.float64(0.5265807028268265)), (378, np.float64(0.5173894186886042)), (381, np.float64(0.5093802606912078)), (382, np.float64(0.5055308330163497))]"
