Mention 6 Layer 3,Cluster,ClusterScore,TopLabelsFused
0,0,0.4309581529080515,"[(4, np.float64(0.5005002055084116)), (16, np.float64(0.48791668167906055)), (19, np.float64(0.4037709763642276)), (22, np.float64(0.40362371968696814)), (27, np.float64(0.40275619297156334)), (37, np.float64(0.37140299947783756)), (23, np.float64(0.35373552833436334)), (35, np.float64(0.3512466258980993)), (25, np.float64(0.3476492665470376)), (55, np.float64(0.34640144491242264)), (116, np.float64(0.31519939398778973)), (38, np.float64(0.2943995634447921))]"
1,1,0.5944574225050422,"[(98, np.float64(0.6007117744729585)), (90, np.float64(0.5552882479745055)), (144, np.float64(0.5362118699530145)), (77, np.float64(0.42610741680980996)), (123, np.float64(0.41312098070274744)), (97, np.float64(0.41058524685232195)), (102, np.float64(0.406905088130889)), (119, np.float64(0.40607953518632856)), (78, np.float64(0.4049779228111777)), (56, np.float64(0.4022154923890298)), (30, np.float64(0.3969638576344734)), (120, np.float64(0.38165164023497955)), (111, np.float64(0.3735792754051779))]"
