Mention 4 Layer 4,Cluster,ClusterScore,TopLabelsFused
0,1,0.32908607367705045,"[(280, np.float64(0.4363600921383355)), (165, np.float64(0.41950676711390517)), (234, np.float64(0.4179487794595389)), (215, np.float64(0.40232379662420065)), (236, np.float64(0.36314790174724576)), (235, np.float64(0.3088385140602311))]"
1,0,0.588271163335233,"[(124, np.float64(0.6262925206816824)), (151, np.float64(0.5606344498786948)), (107, np.float64(0.5132225030318522)), (79, np.float64(0.4769848609304844)), (122, np.float64(0.42820814386514483)), (45, np.float64(0.3193271088950174))]"
