Mention 3 Layer 4,Cluster,ClusterScore,TopLabelsFused
0,1,0.1999922340629461,"[(290, np.float64(0.4472049128340901)), (333, np.float64(0.3784628325241163)), (310, np.float64(0.37765454569971124)), (353, np.float64(0.24707453302787424)), (358, np.float64(0.24639979179309354)), (339, np.float64(0.2436466918622334)), (316, np.float64(0.23655554067364024))]"
1,0,0.7155345780684814,"[(307, np.float64(0.7061555107594186)), (273, np.float64(0.6939062126579075)), (239, np.float64(0.6837713283947491)), (275, np.float64(0.6600894596174192)), (308, np.float64(0.6406291076053149))]"
