Mention 0 Layer 3,Cluster,ClusterScore,TopLabelsFused
0,0,0.2928388313237288,"[(1, np.float64(0.4389596053425059)), (185, np.float64(0.37241593275270435)), (117, np.float64(0.3661806543145681)), (50, np.float64(0.36279466924864345)), (114, np.float64(0.34147473247597376)), (66, np.float64(0.3111862167125281)), (61, np.float64(0.3079155189449344)), (12, np.float64(0.30525677804541024)), (20, np.float64(0.3046748264773602)), (49, np.float64(0.3041490076258702)), (108, np.float64(0.29814749252701406)), (112, np.float64(0.2594053632210229))]"
1,1,0.7144507634698068,"[(181, np.float64(0.6285850124914522)), (183, np.float64(0.58454216662946)), (184, np.float64(0.5518267441496182)), (164, np.float64(0.5376502507710409)), (139, np.float64(0.5244709819805773)), (172, np.float64(0.5058087167325485)), (201, np.float64(0.49763873644426654)), (187, np.float64(0.4890427636157058)), (204, np.float64(0.48877548301201673)), (153, np.float64(0.46880029016749747)), (141, np.float64(0.4528948247396759)), (73, np.float64(0.43330557613840304)), (186, np.float64(0.4285434132319992))]"
