Mention 1 Layer 3,Cluster,ClusterScore,TopLabelsFused
0,1,0.3136259952981659,"[(144, np.float64(0.41496293245149646)), (98, np.float64(0.41059785921145986)), (77, np.float64(0.33543358188440964)), (97, np.float64(0.3122464695826606)), (123, np.float64(0.30963286266791273)), (30, np.float64(0.3064041362073549)), (56, np.float64(0.30546654895253483)), (119, np.float64(0.30526395784273574)), (90, np.float64(0.3052335153351262)), (78, np.float64(0.30458519455361227)), (102, np.float64(0.2997783725640203)), (120, np.float64(0.296735465398459)), (111, np.float64(0.2865354240070418))]"
1,0,0.6669243931520149,"[(4, np.float64(0.5609643022996216)), (27, np.float64(0.5384923012983579)), (16, np.float64(0.5345690764260908)), (37, np.float64(0.5155638934264557)), (38, np.float64(0.4787963825405852)), (19, np.float64(0.4700562672819793)), (55, np.float64(0.46707232559047784)), (23, np.float64(0.45943068830341316)), (35, np.float64(0.45361788204969977)), (22, np.float64(0.44990944569875563)), (25, np.float64(0.44087278995184964)), (116, np.float64(0.4011568602528275))]"
