Mention 6 Layer 3,Cluster,ClusterScore,TopLabelsFused
0,0,0.0836150215348469,"[(158, np.float64(0.2135518060201509)), (229, np.float64(0.17861519019182148)), (198, np.float64(0.16950436623795967)), (216, np.float64(0.16675733342621013)), (357, np.float64(0.162349094175454)), (194, np.float64(0.15437514047008175)), (220, np.float64(0.15374817276114638)), (147, np.float64(0.1468020127398564)), (182, np.float64(0.14038284446834257)), (248, np.float64(0.14005390647002605)), (161, np.float64(0.13902575884020388)), (246, np.float64(0.13411573083198763))]"
1,1,0.932075630040077,"[(392, np.float64(0.7704663259796078)), (375, np.float64(0.7233095388084472)), (302, np.float64(0.6100948806487091)), (255, np.float64(0.5617162666855932)), (369, np.float64(0.5181595428066538)), (354, np.float64(0.4987563970385764)), (295, np.float64(0.49147411750169057)), (218, np.float64(0.48476300248177884)), (320, np.float64(0.4622525990553972)), (355, np.float64(0.45597768355071516)), (346, np.float64(0.44124716986417256)), (393, np.float64(0.41774648272541837)), (321, np.float64(0.3561167062803421))]"
