Mention 0 Layer 4,Cluster,ClusterScore,TopLabelsFused
0,0,0.45412941324084605,"[(256, np.float64(0.565280810981545)), (222, np.float64(0.5538757979326884)), (188, np.float64(0.5245473211929875)), (253, np.float64(0.4182585761616147)), (210, np.float64(0.4095948347681371)), (398, np.float64(0.3779386035264344))]"
1,1,0.5505335498166664,"[(361, np.float64(0.622473987388074)), (285, np.float64(0.6173067025724625)), (299, np.float64(0.6029525188364461)), (388, np.float64(0.411460113451673)), (224, np.float64(0.4085975162206433)), (349, np.float64(0.3941471752819977)), (257, np.float64(0.39238774294255657))]"
