Mention 2 Layer 4,Cluster,ClusterScore,TopLabelsFused
0,0,0.3840890939839466,"[(296, np.float64(0.5262814417866484)), (244, np.float64(0.5209108540444931)), (348, np.float64(0.34070199410440166)), (342, np.float64(0.3288002421082984)), (399, np.float64(0.3287268436420366)), (297, np.float64(0.32705197770331235))]"
1,1,0.8521956363055581,"[(391, np.float64(0.9231444287355896)), (330, np.float64(0.7720617303938557)), (362, np.float64(0.731903600169899)), (385, np.float64(0.7197712782046519)), (390, np.float64(0.5545643328611597)), (380, np.float64(0.49211208862837896)), (395, np.float64(0.4912693986148561))]"
