Mention 3 Layer 4,Cluster,ClusterScore,TopLabelsFused
0,1,0.3214826536859557,"[(328, np.float64(0.4642938125729734)), (327, np.float64(0.4421125779244642)), (323, np.float64(0.4120788318130274)), (325, np.float64(0.40778144465731975)), (352, np.float64(0.34644053976607636)), (326, np.float64(0.32329482216807515))]"
1,0,0.7686026231235298,"[(312, np.float64(0.737634017641142)), (289, np.float64(0.7368941166261361)), (311, np.float64(0.7199749965010738)), (309, np.float64(0.5390030665113187)), (319, np.float64(0.4876917215899514)), (313, np.float64(0.4602611551975699))]"
