Mention 2 Layer 2,Cluster,ClusterScore,TopLabelsFused
0,0,0.21130718404468551,"[(132, np.float64(0.4596816116016449)), (68, np.float64(0.2919592140773542)), (109, np.float64(0.2870878887986796)), (11, np.float64(0.28438166704610146)), (134, np.float64(0.2731698509786933)), (91, np.float64(0.27166050664098285)), (113, np.float64(0.27015316747463614)), (67, np.float64(0.26911000927916773)), (31, np.float64(0.2519182084203954)), (146, np.float64(0.24890977322742225)), (70, np.float64(0.24315886386813645)), (72, np.float64(0.24280022361462936)), (39, np.float64(0.23987563900165867)), (48, np.float64(0.2376885737756804)), (41, np.float64(0.23640534762430687)), (104, np.float64(0.2351572110384047)), (145, np.float64(0.23323818355807321)), (51, np.float64(0.23052327344917808)), (6, np.float64(0.22074112546702232)), (59, np.float64(0.2181003460942194)), (128, np.float64(0.21262860662989452)), (75, np.float64(0.20888475140745796)), (40, np.float64(0.20575293975553915)), (2, np.float64(0.19540078045365455)), (0, np.float64(0.17582001518276932))]"
1,1,0.7994281371348786,"[(354, np.float64(0.6845452546250439)), (220, np.float64(0.565578760356043)), (355, np.float64(0.5556364379851972)), (321, np.float64(0.5514705226848347)), (248, np.float64(0.5142516282592297)), (393, np.float64(0.5012074560873718)), (194, np.float64(0.49808725275127824)), (302, np.float64(0.49718663530986607)), (346, np.float64(0.495578422493021)), (357, np.float64(0.4895430926248573)), (161, np.float64(0.4833854354509676)), (182, np.float64(0.46927518791459133)), (369, np.float64(0.4692431629451034)), (229, np.float64(0.4591095491616147)), (375, np.float64(0.44907306244040723)), (392, np.float64(0.44536714500144875)), (295, np.float64(0.4333920985186173)), (218, np.float64(0.42800460016372216)), (320, np.float64(0.4248017962075818)), (216, np.float64(0.4241349603232158)), (198, np.float64(0.4240602309172868)), (246, np.float64(0.42344694906871033)), (147, np.float64(0.4188677054992927)), (255, np.float64(0.3970513229359686)), (158, np.float64(0.38157023338878304))]"
