Mention 0 Layer 2,Cluster,ClusterScore,TopLabelsFused
0,0,0.48381821585830775,"[(132, np.float64(0.6955704248013337)), (68, np.float64(0.45081600333457533)), (11, np.float64(0.4379808999321439)), (109, np.float64(0.41882507403236235)), (31, np.float64(0.405059791931905)), (91, np.float64(0.4048989241886516)), (67, np.float64(0.40383793533458334)), (134, np.float64(0.4022105741193495)), (48, np.float64(0.39599405057038045)), (113, np.float64(0.39345656229084663)), (72, np.float64(0.385951259963429)), (146, np.float64(0.3627743692747494)), (70, np.float64(0.3569682496427013)), (145, np.float64(0.354297659245178)), (51, np.float64(0.3488497232399553)), (41, np.float64(0.34382593930196004)), (39, np.float64(0.33560033211859686)), (104, np.float64(0.3262977405059794)), (6, np.float64(0.32270970822682715)), (75, np.float64(0.3196451259867241)), (59, np.float64(0.3184031240750597)), (128, np.float64(0.3132583730225401)), (2, np.float64(0.30643370774497675)), (40, np.float64(0.29011658518373223)), (0, np.float64(0.2609245214053896))]"
1,1,0.5262863276413882,"[(354, np.float64(0.5875534424795391)), (220, np.float64(0.45063796129457795)), (302, np.float64(0.4429918024057968)), (321, np.float64(0.4401057453853342)), (355, np.float64(0.40617235676116104)), (393, np.float64(0.4049012035899767)), (375, np.float64(0.40336789168102877)), (357, np.float64(0.40263823131543075)), (346, np.float64(0.39097161266989655)), (194, np.float64(0.38716412020079227)), (182, np.float64(0.38596827197609784)), (161, np.float64(0.38469504634856655)), (248, np.float64(0.3808000812405753)), (147, np.float64(0.37286149398205976)), (392, np.float64(0.35598558114043943)), (229, np.float64(0.3557269178346415)), (369, np.float64(0.35065104861866025)), (246, np.float64(0.34573457318146955)), (218, np.float64(0.34561110858296834)), (295, np.float64(0.3446176702875713)), (216, np.float64(0.3415006160351177)), (255, np.float64(0.34078093973590656)), (320, np.float64(0.3386241001858147)), (198, np.float64(0.3221968652673891)), (158, np.float64(0.3206394123825797))]"
