Mention 3 Layer 4,Cluster,ClusterScore,TopLabelsFused
0,0,0.4274265710964342,"[(10, np.float64(0.5490158558829878)), (65, np.float64(0.5381251469864451)), (34, np.float64(0.5217038972302221)), (7, np.float64(0.51701799329773)), (5, np.float64(0.3993702149304169)), (26, np.float64(0.3911018432978893))]"
1,1,0.5339811789823558,"[(96, np.float64(0.603441429556147)), (71, np.float64(0.6021632653466423)), (105, np.float64(0.6020645114609758)), (110, np.float64(0.5959589137601526)), (238, np.float64(0.5947875998434285)), (99, np.float64(0.3856165815354634))]"
