Mention 7 Layer 4,Cluster,ClusterScore,TopLabelsFused
0,0,0.2867861532604907,"[(172, np.float64(0.4520794673820848)), (164, np.float64(0.44931980466447574)), (139, np.float64(0.4477355291069101)), (73, np.float64(0.44511409931813456)), (141, np.float64(0.43977019585114346))]"
1,1,0.5448778571906174,"[(184, np.float64(0.6264882667325798)), (181, np.float64(0.6248735078623839)), (186, np.float64(0.6103640991747856)), (153, np.float64(0.6070659913045949)), (183, np.float64(0.6065559874824955)), (187, np.float64(0.6043163582350418)), (201, np.float64(0.3878496344359163))]"
