Mention 1 Layer 3,Cluster,ClusterScore,TopLabelsFused
0,0,0.33167539537816476,"[(1, np.float64(0.4674043057568521)), (50, np.float64(0.4129422669759238)), (114, np.float64(0.3877105136975129)), (117, np.float64(0.3767681198427951)), (185, np.float64(0.3586022241114632)), (66, np.float64(0.3315104946436402)), (49, np.float64(0.3247598027104749)), (108, np.float64(0.3185524907302395)), (12, np.float64(0.3179105683352703)), (61, np.float64(0.31235437505767183)), (20, np.float64(0.30985883354944255)), (112, np.float64(0.2914891587449072))]"
1,1,0.6828463168934291,"[(183, np.float64(0.5756162702705349)), (181, np.float64(0.5684202361850551)), (187, np.float64(0.5295754789120858)), (184, np.float64(0.5241405442432023)), (164, np.float64(0.4949291531802538)), (201, np.float64(0.48657877699756974)), (172, np.float64(0.4854014319558301)), (139, np.float64(0.48189032269555143)), (141, np.float64(0.4756557583962994)), (204, np.float64(0.4730663108047377)), (73, np.float64(0.4416829955162772)), (186, np.float64(0.4310661191919431)), (153, np.float64(0.426163774085174))]"
