Mention 7 Layer 3,Cluster,ClusterScore,TopLabelsFused
0,1,0.30642698367847365,"[(144, np.float64(0.4019851346664519)), (98, np.float64(0.3895049325357704)), (77, np.float64(0.3675549744806245)), (97, np.float64(0.3198206416663442)), (30, np.float64(0.31326177927713444)), (123, np.float64(0.3109418100099146)), (56, np.float64(0.30897644722125367)), (78, np.float64(0.3086143518138861)), (119, np.float64(0.3058419749062512)), (102, np.float64(0.29810114192295717)), (120, np.float64(0.288647300399187)), (111, np.float64(0.286588743205578)), (90, np.float64(0.2741322876575662))]"
1,0,0.6878419525853703,"[(27, np.float64(0.5903723063675346)), (37, np.float64(0.5417125415409774)), (16, np.float64(0.5296329437060637)), (116, np.float64(0.5142030500572927)), (4, np.float64(0.487235124941095)), (55, np.float64(0.4825015932908987)), (23, np.float64(0.4823918461133525)), (22, np.float64(0.46767475269228853)), (35, np.float64(0.467103946042084)), (19, np.float64(0.4607726541393168)), (25, np.float64(0.4585592835133548)), (38, np.float64(0.4341649109666088))]"
