Mention 0 Layer 4,Cluster,ClusterScore,TopLabelsFused
0,1,0.3200303240640762,"[(268, np.float64(0.43681385571283926)), (272, np.float64(0.43467826646375635)), (335, np.float64(0.3989233472056066)), (233, np.float64(0.37380242683274184)), (260, np.float64(0.35255373222659103)), (261, np.float64(0.2987918140646591))]"
1,0,0.6659666845477983,"[(231, np.float64(0.6712728433846504)), (219, np.float64(0.6687470214285648)), (179, np.float64(0.6490844082993645)), (213, np.float64(0.508745197962485)), (192, np.float64(0.49546925313726925)), (191, np.float64(0.45270280295995213))]"
