Mention 7 Layer 2,Cluster,ClusterScore,TopLabelsFused
0,1,0.1496473845096501,"[(290, np.float64(0.38684284213314596)), (231, np.float64(0.2818485213494018)), (275, np.float64(0.25785551008292945)), (272, np.float64(0.2551541460318999)), (192, np.float64(0.2475574109992839)), (316, np.float64(0.2412591042155774)), (358, np.float64(0.22490919722073363)), (260, np.float64(0.22460615754883162)), (372, np.float64(0.22270833382467436)), (353, np.float64(0.21463645387981065)), (219, np.float64(0.2124054134766471)), (339, np.float64(0.2102568722021003)), (179, np.float64(0.20817155409644905)), (335, np.float64(0.19546648317053372)), (213, np.float64(0.19307783513294502)), (268, np.float64(0.18885976580378921)), (307, np.float64(0.18884233018856136)), (233, np.float64(0.18452547603081015)), (261, np.float64(0.18357849438519955)), (333, np.float64(0.18083026181518214)), (310, np.float64(0.1805559006813954)), (273, np.float64(0.16283569668309014)), (239, np.float64(0.15935399640296777)), (191, np.float64(0.15335801553711353)), (308, np.float64(0.13776847502616235))]"
1,0,0.8813253590232495,"[(125, np.float64(0.6452105656882535)), (44, np.float64(0.6001589749426688)), (175, np.float64(0.5775536878283456)), (155, np.float64(0.5698134476178957)), (63, np.float64(0.569399136018703)), (133, np.float64(0.5673334344414901)), (53, np.float64(0.5566704364791024)), (62, np.float64(0.5544753501041549)), (142, np.float64(0.5435362915461662)), (150, np.float64(0.5414228380733106)), (177, np.float64(0.5373002632497501)), (52, np.float64(0.5322729183950675)), (136, np.float64(0.5222708523103041)), (54, np.float64(0.5064762926535782)), (176, np.float64(0.49849760492755757)), (47, np.float64(0.4780350494504048)), (33, np.float64(0.47129709434408257)), (64, np.float64(0.46430807087708514)), (135, np.float64(0.46103873127703054)), (129, np.float64(0.45557343102527204)), (149, np.float64(0.44891678162027476)), (131, np.float64(0.43248559504088757)), (170, np.float64(0.42496105666097855)), (174, np.float64(0.41190391244456653)), (130, np.float64(0.39113747945122407))]"
