Mention 0 Layer 3,Cluster,ClusterScore,TopLabelsFused
0,1,0.3602051878134294,"[(361, np.float64(0.45009811076369904)), (222, np.float64(0.40078515452388513)), (256, np.float64(0.39334326700771616)), (253, np.float64(0.3633238842822084)), (285, np.float64(0.3270136070666749)), (388, np.float64(0.32617153156134415)), (224, np.float64(0.32473566327446063)), (299, np.float64(0.3238149031097343)), (398, np.float64(0.32152779806663706)), (349, np.float64(0.3203324188397081)), (257, np.float64(0.3148107025582601)), (188, np.float64(0.29084586908174376)), (210, np.float64(0.2670111185620403))]"
1,0,0.5224773209962564,"[(171, np.float64(0.5432059452751309)), (189, np.float64(0.532733436646649)), (156, np.float64(0.5253418347876198)), (127, np.float64(0.46269461545352525)), (169, np.float64(0.4020963333970536)), (199, np.float64(0.38987848501762634)), (178, np.float64(0.38719222981142926)), (154, np.float64(0.37946574373057435)), (190, np.float64(0.3608731492311167)), (340, np.float64(0.35104752552914154)), (209, np.float64(0.34816396703867514)), (138, np.float64(0.3210828178259583))]"
