Mention 2 Layer 2,Cluster,ClusterScore,TopLabelsFused
0,0,0.21488818382866812,"[(181, np.float64(0.3400944734768077)), (185, np.float64(0.28837125906156286)), (172, np.float64(0.2873806078316797)), (184, np.float64(0.2856303567007302)), (1, np.float64(0.2805417915856496)), (183, np.float64(0.2743692599083268)), (164, np.float64(0.25516118999661885)), (108, np.float64(0.2518481560501491)), (66, np.float64(0.24744670007284186)), (49, np.float64(0.24592285018078117)), (204, np.float64(0.24399192931154548)), (139, np.float64(0.2428097421929777)), (201, np.float64(0.23726335351379016)), (73, np.float64(0.23665583679020075)), (50, np.float64(0.23302019796182832)), (12, np.float64(0.23108248406945278)), (114, np.float64(0.230390182969488)), (61, np.float64(0.22794573159559112)), (153, np.float64(0.21856872409458852)), (187, np.float64(0.2108565517790413)), (186, np.float64(0.2042024043313054)), (117, np.float64(0.20138442876637797)), (141, np.float64(0.19394581150239887)), (20, np.float64(0.18395579462485803)), (112, np.float64(0.18270740884657774))]"
1,1,0.5534526485032535,"[(277, np.float64(0.46229601907859796)), (370, np.float64(0.44837467494673505)), (350, np.float64(0.43845342359518985)), (214, np.float64(0.42798032706776706)), (227, np.float64(0.41386372282479994)), (250, np.float64(0.4132333523668789)), (378, np.float64(0.4060525936494911)), (258, np.float64(0.40419866776940455)), (249, np.float64(0.40031232632522445)), (217, np.float64(0.3996427577724295)), (232, np.float64(0.3936037898021123)), (245, np.float64(0.38837635784485364)), (381, np.float64(0.3868636294345617)), (264, np.float64(0.3821476312403793)), (382, np.float64(0.3765625397050488)), (301, np.float64(0.36752176437239853)), (208, np.float64(0.3644146912130629)), (230, np.float64(0.3540820099330909)), (343, np.float64(0.35108954683712057)), (366, np.float64(0.3492732875216142)), (240, np.float64(0.34573893785212195)), (314, np.float64(0.33527543209964233)), (205, np.float64(0.33305367235012434)), (397, np.float64(0.32548512796144496)), (263, np.float64(0.30543655892362365))]"
