Mention 7 Layer 3,Cluster,ClusterScore,TopLabelsFused
0,0,0.41405435963421944,"[(158, np.float64(0.4668135363645812)), (161, np.float64(0.3952182658652607)), (229, np.float64(0.3828789394369782)), (216, np.float64(0.37782976354417436)), (147, np.float64(0.37505207793827844)), (198, np.float64(0.36549294732178106)), (194, np.float64(0.3509664451970228)), (246, np.float64(0.3295144524746878)), (357, np.float64(0.3229880271641559)), (220, np.float64(0.3224883782284491)), (248, np.float64(0.31626840193819794)), (182, np.float64(0.29398044640704796))]"
1,1,0.6414516807849754,"[(302, np.float64(0.5154228915313583)), (255, np.float64(0.5056716458724659)), (375, np.float64(0.4900611613316461)), (369, np.float64(0.4652591619917208)), (354, np.float64(0.4618120841450966)), (295, np.float64(0.4469237027056283)), (355, np.float64(0.44543429531758477)), (392, np.float64(0.42684435684705707)), (320, np.float64(0.41684313205250995)), (346, np.float64(0.40688798766923)), (393, np.float64(0.4007700526052247)), (321, np.float64(0.39692962906081414)), (218, np.float64(0.35443410597200087))]"
