Mention 5 Layer 2,Cluster,ClusterScore,TopLabelsFused
0,0,0.44247578350976563,"[(125, np.float64(0.4826602189070034)), (44, np.float64(0.4733286530581329)), (133, np.float64(0.4304791475455637)), (175, np.float64(0.43019379882440617)), (155, np.float64(0.41238258922569104)), (53, np.float64(0.4003912804254297)), (62, np.float64(0.39637574631159717)), (142, np.float64(0.3933338757000968)), (63, np.float64(0.3912169498573834)), (129, np.float64(0.3897555733446892)), (177, np.float64(0.3830825491050109)), (150, np.float64(0.38297720253649886)), (149, np.float64(0.3790118157351555)), (52, np.float64(0.3768501523860183)), (64, np.float64(0.3724330814303965)), (136, np.float64(0.37094681933135687)), (135, np.float64(0.3481748371118631)), (131, np.float64(0.3420189717012512)), (170, np.float64(0.3334878338146833)), (130, np.float64(0.33313817916041266)), (174, np.float64(0.32656944250735315)), (54, np.float64(0.325337476919082)), (176, np.float64(0.31027171448952556)), (33, np.float64(0.3084936533588983)), (47, np.float64(0.29748062786116053))]"
1,1,0.6440126245602412,"[(290, np.float64(0.8025039716787956)), (260, np.float64(0.5702694412901999)), (316, np.float64(0.5249782720782024)), (192, np.float64(0.5238765382885383)), (231, np.float64(0.48668388884903285)), (179, np.float64(0.47895663923839277)), (335, np.float64(0.4715709826637737)), (358, np.float64(0.47097597067780234)), (372, np.float64(0.466482885749406)), (353, np.float64(0.4457441726884872)), (219, np.float64(0.4443273751661286)), (268, np.float64(0.4379771578511455)), (339, np.float64(0.43784734315767454)), (310, np.float64(0.43290746157231463)), (307, np.float64(0.4294188797068166)), (213, np.float64(0.4241270803997173)), (261, np.float64(0.4123486633413466)), (333, np.float64(0.4117174775796551)), (233, np.float64(0.4012348912697118)), (272, np.float64(0.3998261087588378)), (275, np.float64(0.38557964299868963)), (239, np.float64(0.3578027857537092)), (191, np.float64(0.3416779000536669)), (273, np.float64(0.3353602556840782)), (308, np.float64(0.3182425159454134))]"
