Mention 7 Layer 4,Cluster,ClusterScore,TopLabelsFused
0,0,0.22393058276269268,"[(50, np.float64(0.3991411281740808)), (61, np.float64(0.3970474448966217)), (20, np.float64(0.39505710887502)), (1, np.float64(0.37128734366319815)), (12, np.float64(0.3700617079023708)), (49, np.float64(0.2652846397131786))]"
1,1,0.49321913738305423,"[(114, np.float64(0.5947041405704521)), (117, np.float64(0.5946789361824537)), (112, np.float64(0.5927892384379881)), (185, np.float64(0.5873424708695184)), (66, np.float64(0.38582408131938484)), (108, np.float64(0.3836885096647079))]"
