Mention 6 Layer 4,Cluster,ClusterScore,TopLabelsFused
0,0,0.545377354826297,"[(91, np.float64(0.6177877361985574)), (68, np.float64(0.6072890574413145)), (146, np.float64(0.6046103303193642)), (41, np.float64(0.5805933814303026)), (70, np.float64(0.5444230486792822)), (75, np.float64(0.39272455531966394))]"
1,1,0.5894012392117329,"[(132, np.float64(0.7677247157749534)), (113, np.float64(0.6412806329724839)), (72, np.float64(0.6264590760443942)), (104, np.float64(0.6215130208923578)), (145, np.float64(0.5804959683149556)), (109, np.float64(0.43432315865123255)), (134, np.float64(0.42271676043969314))]"
