Mention 0 Layer 3,Cluster,ClusterScore,TopLabelsFused
0,0,0.46807147250047626,"[(312, np.float64(0.5313162910326998)), (328, np.float64(0.45460829481624204)), (327, np.float64(0.4079416166858582)), (289, np.float64(0.3892559146572405)), (311, np.float64(0.3856178367074543)), (319, np.float64(0.3790194902106095)), (352, np.float64(0.36241226928980985)), (325, np.float64(0.3477185780644088)), (323, np.float64(0.33427051095632376)), (326, np.float64(0.33257331764916226)), (313, np.float64(0.33042768745261)), (309, np.float64(0.31005779984619064))]"
1,1,0.617662189312772,"[(387, np.float64(0.5340174693824454)), (334, np.float64(0.49324085540156715)), (338, np.float64(0.490671259519986)), (351, np.float64(0.47329268767148347)), (336, np.float64(0.44237057231174415)), (356, np.float64(0.4396078893816663)), (324, np.float64(0.43074907555256337)), (374, np.float64(0.4214009650805051)), (332, np.float64(0.41861766848764254)), (376, np.float64(0.4027837690603873)), (329, np.float64(0.3887492546594143)), (331, np.float64(0.3823137348493393)), (337, np.float64(0.3795844673418807))]"
