Mention 3 Layer 3,Cluster,ClusterScore,TopLabelsFused
0,0,0.3749824943259354,"[(312, np.float64(0.4640967973248892)), (328, np.float64(0.4053497678783001)), (327, np.float64(0.3679454205865992)), (289, np.float64(0.353963515532231)), (319, np.float64(0.34001597991499366)), (311, np.float64(0.33550393141458484)), (325, np.float64(0.32819006661452566)), (352, np.float64(0.3138060592682333)), (326, np.float64(0.3080463848462938)), (323, np.float64(0.2998255073180855)), (313, np.float64(0.298240406165693)), (309, np.float64(0.2782680610580546))]"
1,1,0.7016079786569234,"[(387, np.float64(0.5685249711608661)), (351, np.float64(0.5332287635192957)), (334, np.float64(0.5244814234537509)), (338, np.float64(0.5151149241611916)), (356, np.float64(0.47113610867575073)), (374, np.float64(0.45487600724346605)), (336, np.float64(0.44685693674901356)), (324, np.float64(0.4467445624519398)), (332, np.float64(0.4407967708296355)), (376, np.float64(0.41905625856703005)), (337, np.float64(0.4178886327575792)), (329, np.float64(0.4167050775101887)), (331, np.float64(0.39774237343160623))]"
