Mention 1 Layer 4,Cluster,ClusterScore,TopLabelsFused
0,0,0.34199931585281645,"[(172, np.float64(0.49364085380549577)), (164, np.float64(0.48963769173349486)), (73, np.float64(0.48667542479755604)), (139, np.float64(0.4852904566111329)), (141, np.float64(0.48181034536422707))]"
1,1,0.48763004439841284,"[(184, np.float64(0.5919736979969111)), (181, np.float64(0.5904424520928105)), (186, np.float64(0.5759696041545487)), (183, np.float64(0.575770469548243)), (187, np.float64(0.5729105567188792)), (153, np.float64(0.5725715564012556)), (201, np.float64(0.370967385994271))]"
