Mention 4 Layer 4,Cluster,ClusterScore,TopLabelsFused
0,0,0.11820310329095388,"[(225, np.float64(0.28693963911063364)), (89, np.float64(0.2858456423364837)), (223, np.float64(0.28409798823151844)), (140, np.float64(0.28324526917249765)), (143, np.float64(0.20663209169420724)), (251, np.float64(0.18671385968068419))]"
1,1,0.405022770533223,"[(247, np.float64(0.532163090535253)), (180, np.float64(0.5318331530015311)), (237, np.float64(0.5317683304740695)), (241, np.float64(0.5191428751024516)), (242, np.float64(0.35361838618206587)), (228, np.float64(0.3496405764772996)), (226, np.float64(0.3469538692769383))]"
