Mention 0 Layer 4,Cluster,ClusterScore,TopLabelsFused
0,0,0.14629888942480437,"[(255, np.float64(0.3030541873191276)), (320, np.float64(0.3003434429304696)), (295, np.float64(0.2943573202503663)), (321, np.float64(0.2722286865924632)), (393, np.float64(0.22567319793519391)), (218, np.float64(0.20430094464828769))]"
1,1,0.6630199316418532,"[(354, np.float64(0.6807417178192503)), (375, np.float64(0.6217309400215679)), (302, np.float64(0.6199269329239804)), (346, np.float64(0.6185177146498754)), (355, np.float64(0.6042196204438507)), (369, np.float64(0.5603779141474857)), (392, np.float64(0.4614002356902721))]"
