Mention 6 Layer 4,Cluster,ClusterScore,TopLabelsFused
0,1,0.30800856969477725,"[(98, np.float64(0.47326442243628136)), (102, np.float64(0.4615872696042656)), (120, np.float64(0.4571558890868531)), (111, np.float64(0.45202921357711706)), (123, np.float64(0.45078587049715785)), (78, np.float64(0.293829993070407)), (119, np.float64(0.2900038441243432))]"
1,0,0.6580309514094105,"[(144, np.float64(0.6877330483219838)), (77, np.float64(0.6841202936422864)), (90, np.float64(0.6780250314251424)), (97, np.float64(0.46458830068208773)), (56, np.float64(0.4259737282567563)), (30, np.float64(0.42583478525345647))]"
