Mention 4 Layer 2,Cluster,ClusterScore,TopLabelsFused
0,0,0.42086448782236835,"[(27, np.float64(0.40054144569133837)), (98, np.float64(0.3817805111499114)), (123, np.float64(0.3667762437578495)), (30, np.float64(0.36027413349906756)), (97, np.float64(0.36025569583223377)), (78, np.float64(0.35790981947020073)), (23, np.float64(0.3578631044931946)), (56, np.float64(0.3523128705553785)), (35, np.float64(0.35221306184588225)), (4, np.float64(0.35118094664945704)), (77, np.float64(0.3509254531164989)), (37, np.float64(0.3492351346598917)), (144, np.float64(0.3456275602300949)), (116, np.float64(0.34531634115289317)), (25, np.float64(0.3451065400863945)), (119, np.float64(0.3387266936991453)), (16, np.float64(0.31803687654968044)), (38, np.float64(0.31390633247926786)), (55, np.float64(0.3084968499905838)), (22, np.float64(0.2968996343022438)), (102, np.float64(0.2964357680194675)), (19, np.float64(0.291180666721159)), (120, np.float64(0.2856822089609531)), (90, np.float64(0.27350357207008646)), (111, np.float64(0.26267282729745667))]"
1,1,0.6228204994653253,"[(394, np.float64(0.789189774050149)), (291, np.float64(0.5458845422523588)), (317, np.float64(0.5211452857966419)), (166, np.float64(0.4666658265064961)), (148, np.float64(0.4437009028168667)), (163, np.float64(0.44144742545864907)), (322, np.float64(0.434195837186715)), (383, np.float64(0.43176018061705523)), (278, np.float64(0.4308323155730676)), (203, np.float64(0.4233645380047078)), (389, np.float64(0.42304679867109984)), (396, np.float64(0.42016438171587883)), (379, np.float64(0.40762043387362346)), (206, np.float64(0.4072379053320253)), (315, np.float64(0.4010855763133818)), (207, np.float64(0.3958406001097911)), (157, np.float64(0.37629732047531717)), (200, np.float64(0.3603812615385189)), (384, np.float64(0.3603595050950518)), (304, np.float64(0.3588631180748612)), (167, np.float64(0.3567214783378399)), (365, np.float64(0.3414947604689358)), (152, np.float64(0.3384947552615522)), (193, np.float64(0.3366904249803279)), (364, np.float64(0.29205936708790514))]"
