Mention 2 Layer 4,Cluster,ClusterScore,TopLabelsFused
0,0,0.15786514641955554,"[(140, np.float64(0.3309426467169631)), (89, np.float64(0.32983150208640505)), (225, np.float64(0.32883492896695904)), (223, np.float64(0.3263942965686302)), (143, np.float64(0.24431383826595693)), (251, np.float64(0.2092951083006052))]"
1,1,0.27003376180102995,"[(247, np.float64(0.4382497107016521)), (237, np.float64(0.4332250919276368)), (180, np.float64(0.42750973609440457)), (241, np.float64(0.4246427205262655)), (242, np.float64(0.2842293545864667)), (226, np.float64(0.2749436312895664)), (228, np.float64(0.2734087896033138))]"
