Mention 5 Layer 4,Cluster,ClusterScore,TopLabelsFused
0,1,0.32550300979921964,"[(303, np.float64(0.4784440095305388)), (305, np.float64(0.4463947700775005)), (300, np.float64(0.3707119184385502)), (306, np.float64(0.34925733591776786)), (367, np.float64(0.3294666504931008)), (294, np.float64(0.3045987838792478))]"
1,0,0.7087093720993115,"[(279, np.float64(0.7005687845096398)), (292, np.float64(0.6818283613576369)), (276, np.float64(0.6772166616804876)), (267, np.float64(0.6754669343698836)), (265, np.float64(0.6694489827015093)), (259, np.float64(0.5635752865995812))]"
