Mention 1 Layer 4,Cluster,ClusterScore,TopLabelsFused
0,0,0.39244607751939437,"[(144, np.float64(0.5318557192757409)), (90, np.float64(0.5278302867331016)), (77, np.float64(0.5269759599060426)), (97, np.float64(0.35944797959123903)), (56, np.float64(0.3272992023669971)), (30, np.float64(0.32320573937562586))]"
1,1,0.601553662047161,"[(98, np.float64(0.6608531590072831)), (102, np.float64(0.6424194968901101)), (120, np.float64(0.6398466781411662)), (111, np.float64(0.635227095919136)), (123, np.float64(0.6273385433411305)), (119, np.float64(0.40523178278030975)), (78, np.float64(0.4034978544520245))]"
