Mention 2 Layer 4,Cluster,ClusterScore,TopLabelsFused
0,1,0.2033154262141715,"[(129, np.float64(0.38231178418712625)), (170, np.float64(0.3802625772464389)), (130, np.float64(0.3779315567564239)), (64, np.float64(0.3686931369702795)), (125, np.float64(0.2570440778596054)), (62, np.float64(0.23720451063657186))]"
1,0,0.5201626294316682,"[(47, np.float64(0.6022547192798396)), (44, np.float64(0.5701241637751628)), (54, np.float64(0.5599635769461582)), (33, np.float64(0.5289272529484847)), (53, np.float64(0.4046349998461961)), (52, np.float64(0.3879516340809674))]"
