Mention 0 Layer 4,Cluster,ClusterScore,TopLabelsFused
0,1,0.23976799169169177,"[(69, np.float64(0.4220274931084045)), (103, np.float64(0.41410197771726476)), (57, np.float64(0.3838916511461552)), (60, np.float64(0.2607941481805137)), (74, np.float64(0.2558597858254066)), (76, np.float64(0.25347587637889385))]"
1,0,0.8665700029974109,"[(28, np.float64(0.9308974180850492)), (3, np.float64(0.7856651052038942)), (15, np.float64(0.7850627691049222)), (43, np.float64(0.7350252666841788)), (42, np.float64(0.498764051548008)), (29, np.float64(0.49307822412760305))]"
