Mention 3 Layer 4,Cluster,ClusterScore,TopLabelsFused
0,1,0.2155959689566596,"[(69, np.float64(0.3998083861365144)), (103, np.float64(0.3931009649318687)), (57, np.float64(0.3639583826858632)), (60, np.float64(0.24731695419542116)), (74, np.float64(0.2429387675164097)), (76, np.float64(0.24024755144085422))]"
1,0,0.8805322164369997,"[(28, np.float64(0.938366781401068)), (3, np.float64(0.7921208876383846)), (15, np.float64(0.7910482816402243)), (43, np.float64(0.7408426659261574)), (42, np.float64(0.5034556797204448)), (29, np.float64(0.49756821361518055))]"
