Mention 3 Layer 3,Cluster,ClusterScore,TopLabelsFused
0,0,0.2592378995907806,"[(96, np.float64(0.3269549443786087)), (238, np.float64(0.31222833433349256)), (10, np.float64(0.2970660292944523)), (26, np.float64(0.2965851614066355)), (105, np.float64(0.2870427403963679)), (65, np.float64(0.28630115248614985)), (5, np.float64(0.2803595478895074)), (71, np.float64(0.2713284440890465)), (110, np.float64(0.271138031806492)), (99, np.float64(0.26857151378900024)), (34, np.float64(0.26127898371486713)), (7, np.float64(0.25039867996527065))]"
1,1,0.8294386437036677,"[(247, np.float64(0.6160180392298574)), (140, np.float64(0.6008463071008884)), (143, np.float64(0.5566256265803725)), (228, np.float64(0.5480990246074849)), (180, np.float64(0.5327483364745237)), (225, np.float64(0.5312851580022394)), (251, np.float64(0.5221044485982521)), (241, np.float64(0.5090936886664025)), (226, np.float64(0.5037827473607226)), (242, np.float64(0.4985900624028007)), (237, np.float64(0.4674703492124073)), (89, np.float64(0.45751340975486987)), (223, np.float64(0.45115270297493715))]"
