Mention 1 Layer 3,Cluster,ClusterScore,TopLabelsFused
0,1,0.1533378772464625,"[(118, np.float64(0.3915838061596298)), (81, np.float64(0.3253983233818705)), (126, np.float64(0.30589284453806964)), (58, np.float64(0.2990222632244664)), (84, np.float64(0.29344555790309557)), (86, np.float64(0.2551936623681605)), (82, np.float64(0.20966085661236283)), (115, np.float64(0.20827700047440326)), (83, np.float64(0.2081518099899191)), (121, np.float64(0.2064168903842646)), (94, np.float64(0.20479640430556023)), (80, np.float64(0.20030310767493095)), (85, np.float64(0.17849112631660932))]"
1,0,0.7610013080562845,"[(28, np.float64(0.8723538892309041)), (69, np.float64(0.714999446924817)), (103, np.float64(0.677639854696455)), (15, np.float64(0.6537825902605945)), (3, np.float64(0.5858510576690789)), (42, np.float64(0.49702792085652525)), (29, np.float64(0.4934078496883115)), (74, np.float64(0.4825803804820673)), (76, np.float64(0.4801596289062194)), (43, np.float64(0.4798795118468855)), (60, np.float64(0.4741320692853545)), (57, np.float64(0.43156803168004443))]"
