Mention 3 Layer 4,Cluster,ClusterScore,TopLabelsFused
0,0,0.27341333295891573,"[(341, np.float64(0.42625002178019183)), (377, np.float64(0.39454228829674265)), (298, np.float64(0.3853706728994284)), (347, np.float64(0.37069052357017424)), (345, np.float64(0.27714983214712924)), (318, np.float64(0.24382041099694807))]"
1,1,0.7026822931431118,"[(360, np.float64(0.8382614706302036)), (359, np.float64(0.7099952096976645)), (363, np.float64(0.7043842426801264)), (368, np.float64(0.6669660375977687)), (371, np.float64(0.6032767056494186)), (373, np.float64(0.45295185522564346)), (344, np.float64(0.44124301291428225))]"
