Mention 0 Layer 4,Cluster,ClusterScore,TopLabelsFused
0,1,0.2574057404656791,"[(370, np.float64(0.42883711350192777)), (258, np.float64(0.4285418939544792)), (249, np.float64(0.42540024312889185)), (232, np.float64(0.4234646268443248)), (245, np.float64(0.4088202988127762)), (250, np.float64(0.2673034554137022))]"
1,0,0.6283309435860294,"[(217, np.float64(0.6568676152630456)), (227, np.float64(0.6521354370085382)), (205, np.float64(0.6463039820359898)), (230, np.float64(0.6060968741525573)), (208, np.float64(0.5539508723042893)), (214, np.float64(0.44135648865648625))]"
