Mention 1 Layer 4,Cluster,ClusterScore,TopLabelsFused
0,0,0.3088708093275152,"[(197, np.float64(0.4672419917870797)), (211, np.float64(0.46082485515398613)), (212, np.float64(0.3057539726670653)), (221, np.float64(0.2995338766761085)), (196, np.float64(0.2982682567072306)), (202, np.float64(0.29761080400369594))]"
1,1,0.6577066925413624,"[(287, np.float64(0.6788579081048629)), (293, np.float64(0.6655697099587861)), (286, np.float64(0.6619315100326678)), (288, np.float64(0.6337587867628155)), (243, np.float64(0.4472913704649295)), (386, np.float64(0.4302868249471282))]"
