Mention 0 Layer 2,Cluster,ClusterScore,TopLabelsFused
0,0,0.4020456016731732,"[(38, np.float64(0.36370710213015806)), (4, np.float64(0.35450553237542903)), (98, np.float64(0.3526257818177823)), (23, np.float64(0.3512768974796804)), (30, np.float64(0.34629669016724507)), (97, np.float64(0.3443110244972311)), (27, np.float64(0.34360982882256597)), (116, np.float64(0.34063100245565286)), (35, np.float64(0.3352212677538672)), (123, np.float64(0.3347291507769879)), (78, np.float64(0.33307410450428016)), (25, np.float64(0.33255600604978286)), (56, np.float64(0.32403104786905534)), (22, np.float64(0.3234058083195621)), (90, np.float64(0.31739141307667706)), (16, np.float64(0.31730104647166374)), (119, np.float64(0.31172408381151456)), (19, np.float64(0.31042119230827486)), (37, np.float64(0.3090846804043718)), (55, np.float64(0.292305846347269)), (144, np.float64(0.2802357501165148)), (102, np.float64(0.27607264811924687)), (111, np.float64(0.2738185491060005)), (77, np.float64(0.2737535922380999)), (120, np.float64(0.20885406659688904))]"
1,1,0.5980920323196782,"[(394, np.float64(0.7733641007440663)), (379, np.float64(0.5154931935910886)), (317, np.float64(0.4735975728922628)), (383, np.float64(0.4136546544776769)), (152, np.float64(0.4120088575244721)), (278, np.float64(0.4117031344843321)), (203, np.float64(0.40810484351415316)), (389, np.float64(0.4065157213075355)), (163, np.float64(0.4058016509790779)), (396, np.float64(0.40485269986055084)), (166, np.float64(0.3995218400248728)), (157, np.float64(0.3988096644115532)), (206, np.float64(0.3952723862390034)), (365, np.float64(0.38717086499238285)), (304, np.float64(0.381648580034439)), (384, np.float64(0.3761682119837035)), (193, np.float64(0.37380045386887006)), (148, np.float64(0.37320580537231146)), (291, np.float64(0.37175131243027837)), (207, np.float64(0.365521536329815)), (322, np.float64(0.363092316394824)), (167, np.float64(0.35532905478057714)), (364, np.float64(0.34720336708387156)), (200, np.float64(0.3437073274843196)), (315, np.float64(0.32894732674121596))]"
