Mention 4 Layer 4,Cluster,ClusterScore,TopLabelsFused
0,0,0.24012980363600842,"[(81, np.float64(0.4125776697844874)), (58, np.float64(0.4084044068759918)), (84, np.float64(0.40577203075368745)), (126, np.float64(0.4025664655140099)), (80, np.float64(0.26440008195037906)), (83, np.float64(0.2635628587235821))]"
1,1,0.6533276209480777,"[(118, np.float64(0.8082868432357895)), (86, np.float64(0.6802509129255813)), (85, np.float64(0.679369589050278)), (121, np.float64(0.6698621866604335)), (94, np.float64(0.44347758296776313)), (82, np.float64(0.44171753259773)), (115, np.float64(0.4241443404017132))]"
