Mention 4 Layer 3,Cluster,ClusterScore,TopLabelsFused
0,0,0.14003260436005638,"[(287, np.float64(0.2924350733131503)), (293, np.float64(0.27786043231073687)), (197, np.float64(0.2558520517763257)), (212, np.float64(0.223871792402283)), (286, np.float64(0.2168670332869849)), (196, np.float64(0.21338301222747205)), (243, np.float64(0.20529300036803547)), (386, np.float64(0.20460777444514594)), (202, np.float64(0.2028808098956472)), (211, np.float64(0.20215773741753867)), (221, np.float64(0.20037388930053468)), (288, np.float64(0.19385128125514953))]"
1,1,0.5800344574143725,"[(391, np.float64(0.7615999326512395)), (330, np.float64(0.6211273536785352)), (296, np.float64(0.6072231645688065)), (385, np.float64(0.4867614060015607)), (390, np.float64(0.43082105596515197)), (362, np.float64(0.4260431212013425)), (244, np.float64(0.4177326496007859)), (348, np.float64(0.41433588322290144)), (399, np.float64(0.4121100107886595)), (380, np.float64(0.41015465386513983)), (297, np.float64(0.410091118914468)), (395, np.float64(0.4065795167454884)), (342, np.float64(0.40088792187940253))]"
