Mention 2 Layer 3,Cluster,ClusterScore,TopLabelsFused
0,0,0.2694023897864356,"[(21, np.float64(0.5190398730217511)), (36, np.float64(0.4206773206371657)), (46, np.float64(0.39931313633561727)), (17, np.float64(0.39891149918347407)), (13, np.float64(0.3648254214074737)), (8, np.float64(0.3155681148738357)), (87, np.float64(0.281824057436492)), (18, np.float64(0.2786328360397433)), (14, np.float64(0.27800014351268565)), (159, np.float64(0.27211250494428635)), (32, np.float64(0.2707200974805226)), (9, np.float64(0.2553636296900597))]"
1,1,0.4588112044477839,"[(162, np.float64(0.6773560396481189)), (93, np.float64(0.5601916502504405)), (137, np.float64(0.5092413589379593)), (168, np.float64(0.42179423212476497)), (106, np.float64(0.385877281678324)), (100, np.float64(0.38483829870119446)), (160, np.float64(0.3791435993633868)), (101, np.float64(0.37509781944139114)), (24, np.float64(0.36473824440073216)), (95, np.float64(0.36229121324995744)), (88, np.float64(0.3582020512009057)), (195, np.float64(0.32700602913590326)), (92, np.float64(0.29819478766305596))]"
