Mention 1 Layer 2,Cluster,ClusterScore,TopLabelsFused
0,1,0.49328347393196015,"[(394, np.float64(0.7023414226229008)), (379, np.float64(0.457918635202187)), (317, np.float64(0.4241133917022029)), (157, np.float64(0.398335972829608)), (166, np.float64(0.3845803817396852)), (148, np.float64(0.38269446772491833)), (383, np.float64(0.3739288626572726)), (278, np.float64(0.3733746688450788)), (163, np.float64(0.37271702892232894)), (203, np.float64(0.37007041015736175)), (389, np.float64(0.36797112838614093)), (396, np.float64(0.36676919346337744)), (207, np.float64(0.36267831562115826)), (206, np.float64(0.35730056239210667)), (384, np.float64(0.34907912739528457)), (322, np.float64(0.3451654326665915)), (365, np.float64(0.3375237731611504)), (152, np.float64(0.33290525245693775)), (291, np.float64(0.32440458885938067)), (193, np.float64(0.32104806407770853)), (304, np.float64(0.3173830417418336)), (315, np.float64(0.30969046706436903)), (167, np.float64(0.2958755329172655)), (364, np.float64(0.29451370691462964)), (200, np.float64(0.2786652045951456))]"
1,0,0.5354830797485287,"[(38, np.float64(0.4539420422642097)), (4, np.float64(0.42637291112972375)), (27, np.float64(0.4055176951086132)), (98, np.float64(0.38953860982164057)), (35, np.float64(0.3889671201765988)), (97, np.float64(0.38729753598251726)), (23, np.float64(0.38684046437154224)), (123, np.float64(0.3852063228940963)), (55, np.float64(0.3839251349530729)), (25, np.float64(0.38291485425637917)), (78, np.float64(0.38152243110496786)), (37, np.float64(0.38084312122585684)), (30, np.float64(0.37815590385770353)), (56, np.float64(0.3678189971495672)), (119, np.float64(0.3650096938286764)), (116, np.float64(0.3562769576130449)), (22, np.float64(0.34895765477071)), (144, np.float64(0.34378975940810735)), (19, np.float64(0.343694398357371)), (90, np.float64(0.32841542207069907)), (16, np.float64(0.32439631415117376)), (111, np.float64(0.3103750633638697)), (102, np.float64(0.30339309041614154)), (120, np.float64(0.2814635154536127)), (77, np.float64(0.2767859275038914))]"
