Mention 4 Layer 4,Cluster,ClusterScore,TopLabelsFused
0,1,0.5337831365836019,"[(193, np.float64(0.620280309223042)), (207, np.float64(0.6199552475552076)), (383, np.float64(0.3899489871453272)), (206, np.float64(0.3872330603999224)), (203, np.float64(0.3837299094297269)), (278, np.float64(0.38279445677239127))]"
1,0,0.8086348605223629,"[(148, np.float64(0.7603009397086239)), (152, np.float64(0.7561294915326683)), (167, np.float64(0.7497612056031845)), (157, np.float64(0.7454450466443899)), (166, np.float64(0.4760806603303039)), (163, np.float64(0.472149039994501))]"
