Mention 3 Layer 4,Cluster,ClusterScore,TopLabelsFused
0,1,0.23034169020888987,"[(370, np.float64(0.4056542626664152)), (258, np.float64(0.4055194591349639)), (249, np.float64(0.4026108965149061)), (232, np.float64(0.4000540878658783)), (245, np.float64(0.38589497673643347)), (250, np.float64(0.2533350003793435))]"
1,0,0.6593380345983235,"[(217, np.float64(0.6721831453684118)), (227, np.float64(0.6694693959724808)), (205, np.float64(0.6598788267298503)), (230, np.float64(0.6251148719701448)), (208, np.float64(0.5589215580326218)), (214, np.float64(0.45170178766678853))]"
