Mention 6 Layer 4,Cluster,ClusterScore,TopLabelsFused
0,1,0.1770585721384811,"[(135, np.float64(0.35996320713944)), (149, np.float64(0.35736760852943145)), (176, np.float64(0.35610854880009984)), (174, np.float64(0.3173193968243397)), (175, np.float64(0.23501035409756557)), (155, np.float64(0.2206501188791909)), (150, np.float64(0.2192064456131945))]"
1,0,0.5510679698362221,"[(63, np.float64(0.6291105080030468)), (131, np.float64(0.6253920679530496)), (142, np.float64(0.6192498282532262)), (133, np.float64(0.5631565358142263)), (136, np.float64(0.39070938027132684))]"
