Mention 0 Layer 2,Cluster,ClusterScore,TopLabelsFused
0,0,0.0991019995165786,"[(181, np.float64(0.22958762343047784)), (184, np.float64(0.20605539566570738)), (1, np.float64(0.19700032211514448)), (183, np.float64(0.1964983532348946)), (172, np.float64(0.1960593399858701)), (185, np.float64(0.19463877232258708)), (164, np.float64(0.1788418524868202)), (108, np.float64(0.17109335204968001)), (73, np.float64(0.1705076071640634)), (66, np.float64(0.16928982312960875)), (139, np.float64(0.16770624589082225)), (49, np.float64(0.16630643880131477)), (204, np.float64(0.16527803513801292)), (12, np.float64(0.16279451371350234)), (201, np.float64(0.16273254589462455)), (50, np.float64(0.1606448125779725)), (114, np.float64(0.15249386238751303)), (187, np.float64(0.1457358687320699)), (61, np.float64(0.1437220383175991)), (153, np.float64(0.13918780899392905)), (117, np.float64(0.13384954956166287)), (141, np.float64(0.13300377995599513)), (186, np.float64(0.13104852886657195)), (20, np.float64(0.11564629176725338)), (112, np.float64(0.11396324366604903))]"
1,1,0.7439907892808213,"[(277, np.float64(0.5788453851377972)), (370, np.float64(0.5082308935876484)), (214, np.float64(0.5002569469728001)), (350, np.float64(0.48600569765841245)), (250, np.float64(0.48024781918691667)), (245, np.float64(0.4753948494712507)), (378, np.float64(0.4699020966720359)), (217, np.float64(0.467565567692043)), (227, np.float64(0.46328161008730917)), (232, np.float64(0.4568973909385658)), (258, np.float64(0.4557770764921716)), (249, np.float64(0.4499173449746928)), (381, np.float64(0.4467812042649226)), (208, np.float64(0.44658966560199564)), (264, np.float64(0.4367552589721346)), (382, np.float64(0.43319517856642453)), (343, np.float64(0.42381030328071106)), (301, np.float64(0.4212340001863251)), (366, np.float64(0.40892870345793103)), (314, np.float64(0.3975775655797858)), (240, np.float64(0.39380659911623095)), (230, np.float64(0.3909736210568442)), (205, np.float64(0.3735322664810285)), (263, np.float64(0.34564567616282915)), (397, np.float64(0.32923871590076936))]"
