Mention 0 Layer 3,Cluster,ClusterScore,TopLabelsFused
0,0,0.16942349500863005,"[(47, np.float64(0.2550266294586517)), (64, np.float64(0.2485798953359597)), (125, np.float64(0.24370288340641988)), (62, np.float64(0.23905462234865751)), (53, np.float64(0.2371162132729467)), (129, np.float64(0.2364467407883179)), (130, np.float64(0.23536903103727533)), (44, np.float64(0.23393909237830315)), (52, np.float64(0.22880736908934465)), (170, np.float64(0.2229688313003597)), (54, np.float64(0.21441667628188227)), (33, np.float64(0.2072375727150425))]"
1,1,0.9147784110893519,"[(63, np.float64(0.6669155229768886)), (131, np.float64(0.6152094582667802)), (149, np.float64(0.5940201238169378)), (135, np.float64(0.5889136446628938)), (176, np.float64(0.563077040644736)), (133, np.float64(0.562468603463188)), (150, np.float64(0.5233504447597281)), (177, np.float64(0.5232350672020094)), (155, np.float64(0.5215117694649067)), (175, np.float64(0.5130413458167982)), (136, np.float64(0.5105580392788182)), (174, np.float64(0.47598462081178833)), (142, np.float64(0.4562675007281678))]"
