Mention 6 Layer 3,Cluster,ClusterScore,TopLabelsFused
0,1,0.19666992375826217,"[(118, np.float64(0.4434748287764055)), (81, np.float64(0.35937363323036814)), (126, np.float64(0.3447226134050929)), (58, np.float64(0.3416362549844353)), (84, np.float64(0.33584339210260106)), (86, np.float64(0.2972597006617541)), (82, np.float64(0.23766641048102918)), (94, np.float64(0.23649788261060867)), (83, np.float64(0.23591710003230376)), (115, np.float64(0.23361845095207012)), (121, np.float64(0.22974153134036096)), (80, np.float64(0.22734706262975057)), (85, np.float64(0.2158094753655971))]"
1,0,0.6876764262519398,"[(28, np.float64(0.8292625797972195)), (69, np.float64(0.6747239701230897)), (103, np.float64(0.6534667743245909)), (15, np.float64(0.6203992675002675)), (42, np.float64(0.5149411578639131)), (3, np.float64(0.4906686402985789)), (29, np.float64(0.48681556109677737)), (74, np.float64(0.4701462813863712)), (76, np.float64(0.46454299764988843)), (43, np.float64(0.45869624226431355)), (60, np.float64(0.4548190028537999)), (57, np.float64(0.44767834049629135))]"
