Mention 7 Layer 4,Cluster,ClusterScore,TopLabelsFused
0,0,0.34373839328283545,"[(336, np.float64(0.4810583635716883)), (329, np.float64(0.44695027764319617)), (331, np.float64(0.40684818355861624)), (324, np.float64(0.3798689496060977)), (334, np.float64(0.32901277060275286))]"
1,1,0.5621297042858984,"[(376, np.float64(0.5842006897880985)), (351, np.float64(0.5551461734211832)), (356, np.float64(0.5029400361138767)), (332, np.float64(0.5002155646104752)), (374, np.float64(0.4924429372371823)), (338, np.float64(0.438371681341309)), (337, np.float64(0.40086209798637595))]"
