Mention 0 Layer 4,Cluster,ClusterScore,TopLabelsFused
0,1,0.07279776088128348,"[(128, np.float64(0.2156254021581517)), (67, np.float64(0.21274561476388218)), (48, np.float64(0.2120225891367843)), (51, np.float64(0.18905451172518054)), (40, np.float64(0.18656705680611377)), (59, np.float64(0.13977472398172733))]"
1,0,0.7351296077462546,"[(39, np.float64(0.6783030156926337)), (2, np.float64(0.6712291648547966)), (0, np.float64(0.6437031364655729)), (6, np.float64(0.5262602193390962)), (31, np.float64(0.5179166464683816)), (11, np.float64(0.5141593020282051))]"
