Mention 7 Layer 4,Cluster,ClusterScore,TopLabelsFused
0,0,0.22566194641299994,"[(91, np.float64(0.3945532217073137)), (146, np.float64(0.3899019380887621)), (68, np.float64(0.3850031270749837)), (41, np.float64(0.3696060186446436)), (70, np.float64(0.36398866076464387)), (75, np.float64(0.25678867429353675))]"
1,1,0.8553571998612387,"[(132, np.float64(0.9248552318396857)), (113, np.float64(0.7739988247671131)), (72, np.float64(0.7527408898921334)), (104, np.float64(0.7516308324217642)), (145, np.float64(0.710003324200026)), (109, np.float64(0.5121173191609376)), (134, np.float64(0.5028526310977682))]"
