Mention 5 Layer 3,Cluster,ClusterScore,TopLabelsFused
0,1,0.18611385170685088,"[(274, np.float64(0.2987796698923506)), (281, np.float64(0.29430601787354743)), (254, np.float64(0.27178910453349286)), (266, np.float64(0.27026118374569214)), (271, np.float64(0.2645681572101405)), (252, np.float64(0.23449361286663334)), (270, np.float64(0.2330466164250467)), (173, np.float64(0.22676983435157436)), (262, np.float64(0.22163062365720712)), (269, np.float64(0.22023134137459538)), (282, np.float64(0.21288106989080915)), (283, np.float64(0.2043436404517949)), (284, np.float64(0.2035871274862174))]"
1,0,0.7495612683361864,"[(79, np.float64(0.5580713559250099)), (107, np.float64(0.5146897314208437)), (124, np.float64(0.5146633711136824)), (215, np.float64(0.4891984392970272)), (235, np.float64(0.4838746545956373)), (122, np.float64(0.4821667478813652)), (151, np.float64(0.481678349379675)), (165, np.float64(0.4640718119089389)), (234, np.float64(0.437918701290106)), (45, np.float64(0.4178088886002981)), (280, np.float64(0.4051866785774995)), (236, np.float64(0.3891205491830985))]"
