Mention 7 Layer 4,Cluster,ClusterScore,TopLabelsFused
0,0,0.3010986421152747,"[(19, np.float64(0.4663832921204589)), (22, np.float64(0.4656337826086091)), (16, np.float64(0.45906745687245853)), (4, np.float64(0.43745583670013943)), (23, np.float64(0.30561668823042326)), (25, np.float64(0.2970003627741068))]"
1,1,0.7610596698831538,"[(27, np.float64(0.7345889371255846)), (37, np.float64(0.731553785480193)), (55, np.float64(0.7314464001393676)), (116, np.float64(0.7223405865456813)), (38, np.float64(0.7193306753699922)), (35, np.float64(0.45663052297728723))]"
