Mention 4 Layer 3,Cluster,ClusterScore,TopLabelsFused
0,0,0.5208594546986193,"[(65, np.float64(0.48749959951347316)), (71, np.float64(0.4714762335875622)), (10, np.float64(0.4645701626944309)), (110, np.float64(0.41778998034730536)), (96, np.float64(0.4044162875806499)), (238, np.float64(0.39413185689748)), (99, np.float64(0.38655308578458136)), (105, np.float64(0.38339288067767546)), (5, np.float64(0.37751710633843777)), (26, np.float64(0.37711005570072004)), (34, np.float64(0.3715219462398026)), (7, np.float64(0.35579599878033236))]"
1,1,0.5741187254013499,"[(247, np.float64(0.49398742097342335)), (180, np.float64(0.48573979861302474)), (140, np.float64(0.46602523710327926)), (237, np.float64(0.4460653556955732)), (225, np.float64(0.4338751202511627)), (228, np.float64(0.42946062510015165)), (226, np.float64(0.4216506395781959)), (251, np.float64(0.4209236055779458)), (223, np.float64(0.42073157289858043)), (89, np.float64(0.41824596566769406)), (242, np.float64(0.4180352834500592)), (241, np.float64(0.4018432658492999)), (143, np.float64(0.38976201493428836))]"
