Mention 6 Layer 3,Cluster,ClusterScore,TopLabelsFused
0,1,0.17384555592854278,"[(274, np.float64(0.2900919063552567)), (254, np.float64(0.2781132143798271)), (281, np.float64(0.2692589505612916)), (266, np.float64(0.2587265096226008)), (271, np.float64(0.2583302767505492)), (173, np.float64(0.23543437222935493)), (252, np.float64(0.23027066568020482)), (269, np.float64(0.22240980343717418)), (262, np.float64(0.20431012710763316)), (283, np.float64(0.20069349421305718)), (270, np.float64(0.1971783298455749)), (282, np.float64(0.19163058226792998)), (284, np.float64(0.19033735164425844))]"
1,0,0.7500230894970504,"[(79, np.float64(0.6520373348736652)), (280, np.float64(0.5119460744668536)), (215, np.float64(0.4878886645228894)), (235, np.float64(0.4798703574360758)), (122, np.float64(0.47828947828409396)), (124, np.float64(0.4708592552050142)), (45, np.float64(0.4685211960997899)), (107, np.float64(0.45912785501730896)), (151, np.float64(0.4139115302768795)), (165, np.float64(0.41191441354163344)), (236, np.float64(0.3946318369996422)), (234, np.float64(0.3895368008600504))]"
