Mention 6 Layer 2,Cluster,ClusterScore,TopLabelsFused
0,1,0.12206690509383333,"[(360, np.float64(0.3493807451675512)), (294, np.float64(0.20373822603092417)), (341, np.float64(0.20244292222903157)), (292, np.float64(0.19826674669037908)), (373, np.float64(0.1959582740382957)), (267, np.float64(0.19574146747723573)), (377, np.float64(0.19502483775561377)), (279, np.float64(0.1927129128216929)), (303, np.float64(0.19039230147574868)), (368, np.float64(0.1903915799970296)), (276, np.float64(0.18918067519757376)), (345, np.float64(0.18640109510522515)), (259, np.float64(0.18607034685979476)), (265, np.float64(0.18314255964766024)), (359, np.float64(0.18214527231750097)), (305, np.float64(0.18177426491365947)), (300, np.float64(0.17355522085805739)), (298, np.float64(0.1697395811951913)), (367, np.float64(0.1685817973023961)), (371, np.float64(0.158783099571683)), (306, np.float64(0.15865932566603275)), (363, np.float64(0.15620405004304103)), (318, np.float64(0.14916293601404632)), (347, np.float64(0.1465591351122356)), (344, np.float64(0.1420772880175833))]"
1,0,0.8877774191622441,"[(34, np.float64(0.8000889192220064)), (5, np.float64(0.5724569249958613)), (226, np.float64(0.5578774816961763)), (99, np.float64(0.5351991339534689)), (228, np.float64(0.525550641162999)), (241, np.float64(0.5217887281313336)), (10, np.float64(0.5207553701297295)), (242, np.float64(0.5203202816438216)), (251, np.float64(0.5028127568424396)), (238, np.float64(0.495335435265926)), (237, np.float64(0.49059036268875383)), (71, np.float64(0.48031588792033975)), (140, np.float64(0.47670970277655667)), (180, np.float64(0.47182953445372117)), (26, np.float64(0.4660997714536908)), (7, np.float64(0.4597316196824092)), (110, np.float64(0.45515816899670525)), (247, np.float64(0.4421288149514495)), (105, np.float64(0.4416578692275418)), (225, np.float64(0.4359992264051564)), (223, np.float64(0.4308775321404751)), (96, np.float64(0.4264954103699888)), (65, np.float64(0.4044682381490197)), (89, np.float64(0.39226977792040785)), (143, np.float64(0.38040888332757544))]"
