Mention 0 Layer 4,Cluster,ClusterScore,TopLabelsFused
0,0,0.554435707406885,"[(92, np.float64(0.5938010654103546)), (195, np.float64(0.5678418064480582)), (88, np.float64(0.496602139678742)), (100, np.float64(0.4242539685044796)), (24, np.float64(0.4031767535011914)), (95, np.float64(0.3940953179473307))]"
1,1,0.8998641902531849,"[(162, np.float64(0.9486117173286365)), (93, np.float64(0.797397663600259)), (137, np.float64(0.7865305781213456)), (168, np.float64(0.7823016025830288)), (106, np.float64(0.7253729181904717)), (101, np.float64(0.5268045582750233)), (160, np.float64(0.5074587580245622))]"
