Mention 1 Layer 3,Cluster,ClusterScore,TopLabelsFused
0,0,0.17778793506471458,"[(158, np.float64(0.275101517714567)), (161, np.float64(0.25531592992326524)), (147, np.float64(0.2533781930643618)), (229, np.float64(0.25119086454504)), (216, np.float64(0.23656968767133293)), (357, np.float64(0.23057050523027176)), (220, np.float64(0.22183706805146347)), (182, np.float64(0.21848623943530107)), (248, np.float64(0.21713535048079996)), (194, np.float64(0.21510850344232155)), (198, np.float64(0.20848960851649692)), (246, np.float64(0.20202719716268297))]"
1,1,0.8541592364731949,"[(354, np.float64(0.6328922966585068)), (375, np.float64(0.6325875661371249)), (302, np.float64(0.551504352919166)), (346, np.float64(0.5324820835817297)), (392, np.float64(0.5055068166073011)), (255, np.float64(0.49723552383784736)), (355, np.float64(0.49523000002284717)), (369, np.float64(0.49374173225133927)), (295, np.float64(0.49329356034975913)), (320, np.float64(0.47117184739757256)), (393, np.float64(0.44775378177086783)), (321, np.float64(0.43664861359197743)), (218, np.float64(0.40411697829681636))]"
