Mention 0 Layer 4,Cluster,ClusterScore,TopLabelsFused
0,1,0.1861380397522338,"[(280, np.float64(0.32712674580263945)), (215, np.float64(0.3156789820961057)), (234, np.float64(0.31049247868637236)), (236, np.float64(0.2916932803469122)), (165, np.float64(0.28961706159422984)), (235, np.float64(0.23019832418673236))]"
1,0,0.7680794930001453,"[(124, np.float64(0.7032852882941257)), (79, np.float64(0.6116529747916436)), (151, np.float64(0.5977077075115784)), (107, np.float64(0.5394556834921831)), (122, np.float64(0.48274204680190613)), (45, np.float64(0.43498072523611936))]"
