Mention 5 Layer 3,Cluster,ClusterScore,TopLabelsFused
0,0,0.28571903659417724,"[(158, np.float64(0.35959453518699247)), (147, np.float64(0.34896172385084256)), (216, np.float64(0.3203722108562965)), (182, np.float64(0.3073660010508512)), (229, np.float64(0.30330464933529616)), (161, np.float64(0.2969846102391654)), (198, np.float64(0.2939560476540752)), (220, np.float64(0.2886188005533803)), (357, np.float64(0.28466730361570775)), (194, np.float64(0.26855017928294683)), (248, np.float64(0.25583071990733763)), (246, np.float64(0.24747293508188029))]"
1,1,0.7372868997134354,"[(302, np.float64(0.6153460881668603)), (295, np.float64(0.5723204970646044)), (355, np.float64(0.5193193086426752)), (255, np.float64(0.48663132632463063)), (354, np.float64(0.47439724911263137)), (369, np.float64(0.46706316649693325)), (320, np.float64(0.4574476974556662)), (375, np.float64(0.44405437507171863)), (321, np.float64(0.4384733176745257)), (346, np.float64(0.42609933396737987)), (392, np.float64(0.416126094261567)), (218, np.float64(0.3982084378169726)), (393, np.float64(0.39146616682607777))]"
