Mention 1 Layer 4,Cluster,ClusterScore,TopLabelsFused
0,1,0.29016085796156393,"[(280, np.float64(0.41783238002407436)), (234, np.float64(0.37765688115404744)), (215, np.float64(0.3699962205042536)), (165, np.float64(0.36917491161881355)), (236, np.float64(0.34242448372034867)), (235, np.float64(0.2916073786836542))]"
1,0,0.6345540575028885,"[(124, np.float64(0.6373090577062112)), (151, np.float64(0.5923682678826245)), (79, np.float64(0.5303236243230739)), (107, np.float64(0.49089569431923175)), (122, np.float64(0.445002425303501)), (45, np.float64(0.3393530724234721))]"
