Mention 4 Layer 4,Cluster,ClusterScore,TopLabelsFused
0,1,0.40868261613372325,"[(272, np.float64(0.49942445747740494)), (268, np.float64(0.4934970209249178)), (335, np.float64(0.48020250558178224)), (233, np.float64(0.403546336782804)), (260, np.float64(0.4017441914435995)), (261, np.float64(0.3230071251548598))]"
1,0,0.5909921147796985,"[(231, np.float64(0.6297798809981491)), (179, np.float64(0.6212161169601265)), (219, np.float64(0.6204824480407032)), (191, np.float64(0.49701181346523576)), (213, np.float64(0.45791302590891086)), (192, np.float64(0.455639377804563))]"
