Mention 3 Layer 4,Cluster,ClusterScore,TopLabelsFused
0,0,0.12999930757871747,"[(22, np.float64(0.3090545230646814)), (19, np.float64(0.3057819627132754)), (16, np.float64(0.29971045150209785)), (4, np.float64(0.27967349238193856)), (23, np.float64(0.20621267561866213)), (25, np.float64(0.19771669815577728))]"
1,1,0.8979974477594844,"[(37, np.float64(0.7910414171612923)), (116, np.float64(0.7879246383075358)), (27, np.float64(0.786616998416665)), (38, np.float64(0.7859237184429351)), (55, np.float64(0.7852162349715509)), (35, np.float64(0.5010669824190682))]"
