Mention 1 Layer 4,Cluster,ClusterScore,TopLabelsFused
0,0,0.3614594300539884,"[(279, np.float64(0.49881379250293245)), (292, np.float64(0.4890442178849693)), (276, np.float64(0.48065406021362955)), (265, np.float64(0.4802281158902152)), (267, np.float64(0.4795368442050132)), (259, np.float64(0.3905107875095213))]"
1,1,0.6692655898417993,"[(303, np.float64(0.6810540838959329)), (305, np.float64(0.6426029477786476)), (300, np.float64(0.5218384207406276)), (306, np.float64(0.5137239577397519)), (367, np.float64(0.4813545798610977)), (294, np.float64(0.43617152138094234))]"
