Mention 2 Layer 4,Cluster,ClusterScore,TopLabelsFused
0,1,0.34589569945022625,"[(268, np.float64(0.45394913956064153)), (272, np.float64(0.4474918659902436)), (335, np.float64(0.4130590766441522)), (233, np.float64(0.38863003677906127)), (260, np.float64(0.3685994275447134)), (261, np.float64(0.31965476041420154))]"
1,0,0.6377949353619627,"[(231, np.float64(0.658766990322701)), (219, np.float64(0.6546882128478396)), (179, np.float64(0.6328733448658053)), (213, np.float64(0.5041992437780073)), (192, np.float64(0.4876953844886707)), (191, np.float64(0.4341278577708972))]"
