Mention 3 Layer 4,Cluster,ClusterScore,TopLabelsFused
0,1,0.20973591786959395,"[(246, np.float64(0.3689788131397618)), (216, np.float64(0.36794602641365226)), (229, np.float64(0.3673957733770659)), (357, np.float64(0.3451548961516445)), (248, np.float64(0.32870519736516673)), (220, np.float64(0.24300116318031145))]"
1,0,0.7909532517736064,"[(161, np.float64(0.7211443477242145)), (147, np.float64(0.7130365894277808)), (158, np.float64(0.7053727016549289)), (198, np.float64(0.6727835243469461)), (182, np.float64(0.5241570339630736)), (194, np.float64(0.49916427435087785))]"
