Mention 6 Layer 4,Cluster,ClusterScore,TopLabelsFused
0,1,0.3385446801144806,"[(112, np.float64(0.49435347626556325)), (185, np.float64(0.4941082314923223)), (117, np.float64(0.4931411174792467)), (114, np.float64(0.490517476338507)), (108, np.float64(0.31081671006725436)), (66, np.float64(0.31068526560988563))]"
1,0,0.35874792310173087,"[(61, np.float64(0.5002613112931712)), (20, np.float64(0.49973506385901645)), (50, np.float64(0.49780553293206303)), (12, np.float64(0.48557092878703867)), (1, np.float64(0.4818362052010355)), (49, np.float64(0.32527021117498467))]"
