Mention 4 Layer 4,Cluster,ClusterScore,TopLabelsFused
0,0,0.33132323268632136,"[(266, np.float64(0.4729815969967395)), (254, np.float64(0.4677696319622248)), (173, np.float64(0.4488649094441208)), (269, np.float64(0.4243969371913466)), (252, np.float64(0.4189908048129764))]"
1,1,0.7110747896440647,"[(274, np.float64(0.6825886180722651)), (281, np.float64(0.6794956081822061)), (271, np.float64(0.6157466698335597)), (270, np.float64(0.5309859707652925)), (262, np.float64(0.49363611292181764)), (283, np.float64(0.4292868334374656)), (282, np.float64(0.4143026706798874))]"
