Mention 0 Layer 4,Cluster,ClusterScore,TopLabelsFused
0,0,0.36054940460898455,"[(266, np.float64(0.4965447833715365)), (254, np.float64(0.48251137309786113)), (173, np.float64(0.4750549062088449)), (269, np.float64(0.44894808669180125)), (252, np.float64(0.428467005205893))]"
1,1,0.6888233168496006,"[(274, np.float64(0.6998873412541801)), (281, np.float64(0.6746469140935439)), (271, np.float64(0.5980984531133752)), (270, np.float64(0.4757470925301455)), (262, np.float64(0.4730983318283708)), (283, np.float64(0.4468064040911896)), (282, np.float64(0.38965001117625514))]"
