Mention 2 Layer 2,Cluster,ClusterScore,TopLabelsFused
0,1,0.23322756345054033,"[(391, np.float64(0.4829363968997784)), (293, np.float64(0.32127676571717084)), (286, np.float64(0.2989491745981343)), (330, np.float64(0.27559060033447913)), (211, np.float64(0.26789770191779155)), (348, np.float64(0.26479489134250855)), (196, np.float64(0.2618760784924909)), (243, np.float64(0.2610613522334536)), (385, np.float64(0.2603802102248623)), (342, np.float64(0.2602375426651811)), (386, np.float64(0.26022129650119746)), (395, np.float64(0.25851842648656204)), (221, np.float64(0.25792424716251167)), (297, np.float64(0.25652144766652185)), (202, np.float64(0.2555926733941154)), (399, np.float64(0.25282740613190285)), (296, np.float64(0.2512055850400815)), (380, np.float64(0.24825257256028518)), (197, np.float64(0.2396373035022536)), (244, np.float64(0.2383958766957914)), (390, np.float64(0.2381884521548971)), (212, np.float64(0.23524558151524427)), (362, np.float64(0.2347712468144409)), (287, np.float64(0.20567893790694436)), (288, np.float64(0.18283684961045757))]"
1,0,0.7160188125899181,"[(21, np.float64(0.8461789483258952)), (162, np.float64(0.8461789483258952)), (137, np.float64(0.5430224948989592)), (46, np.float64(0.537584952295307)), (93, np.float64(0.527206812816387)), (36, np.float64(0.5176496082534998)), (8, np.float64(0.5081092934564604)), (87, np.float64(0.46353850236235233)), (101, np.float64(0.4616492785780619)), (160, np.float64(0.45252995457480727)), (106, np.float64(0.43871643592497933)), (100, np.float64(0.43769739401472446)), (95, np.float64(0.4343207411294364)), (24, np.float64(0.4289801442888153)), (168, np.float64(0.42323781287104445)), (14, np.float64(0.4126432032438078)), (17, np.float64(0.4125627648679628)), (159, np.float64(0.41151737348986095)), (18, np.float64(0.4076824118766265)), (13, np.float64(0.4065980215866274)), (88, np.float64(0.3947678903165001)), (9, np.float64(0.35505986088688973)), (195, np.float64(0.35307425310022533)), (32, np.float64(0.35131977873014864)), (92, np.float64(0.3208534550778448))]"
