Mention 1 Layer 3,Cluster,ClusterScore,TopLabelsFused
0,0,0.2734459443704483,"[(21, np.float64(0.5229205908839776)), (36, np.float64(0.4210275686739615)), (17, np.float64(0.41301797377543936)), (46, np.float64(0.39498662311949323)), (13, np.float64(0.3424600828837936)), (8, np.float64(0.3124978232291559)), (32, np.float64(0.3118293503120391)), (14, np.float64(0.2840401158622335)), (87, np.float64(0.2840348783009938)), (159, np.float64(0.28334366844921943)), (18, np.float64(0.27865946865026797)), (9, np.float64(0.2581661327477873))]"
1,1,0.4580213211514281,"[(162, np.float64(0.6767727248873348)), (93, np.float64(0.5593060705898519)), (137, np.float64(0.45682453144244795)), (88, np.float64(0.4253458895201486)), (168, np.float64(0.38928987191963)), (106, np.float64(0.38321875712055925)), (160, np.float64(0.38034247538540744)), (100, np.float64(0.3798999587493119)), (101, np.float64(0.37470021524344854)), (24, np.float64(0.36211664299156854)), (95, np.float64(0.36122553329349544)), (195, np.float64(0.3262572179888687)), (92, np.float64(0.3135398602255464))]"
