Mention 8 Layer 3,Cluster,ClusterScore,TopLabelsFused
0,0,0.268038468132986,"[(156, np.float64(0.4095529936891215)), (171, np.float64(0.37968427955359685)), (127, np.float64(0.3497158212714629)), (189, np.float64(0.3400936112936015)), (169, np.float64(0.2844322285819616)), (199, np.float64(0.2802933552459373)), (178, np.float64(0.27392344078301756)), (190, np.float64(0.2670490966012939)), (340, np.float64(0.2626860381461556)), (154, np.float64(0.2616726547213262)), (209, np.float64(0.24789649138141343)), (138, np.float64(0.23245401182583478))]"
1,1,0.6223900472566438,"[(256, np.float64(0.5771658237306383)), (361, np.float64(0.5709579813200331)), (253, np.float64(0.4649038684553219)), (222, np.float64(0.44118499701037595)), (299, np.float64(0.4346958930341985)), (188, np.float64(0.43463561161566)), (388, np.float64(0.42740308107714153)), (224, np.float64(0.4259919156360139)), (398, np.float64(0.4252916728057606)), (349, np.float64(0.4246958305794084)), (257, np.float64(0.4215833935832785)), (285, np.float64(0.41544891379927223)), (210, np.float64(0.3511799360075104))]"
