Mention 1 Layer 4,Cluster,ClusterScore,TopLabelsFused
0,0,0.37886935941930266,"[(266, np.float64(0.5033398532196283)), (254, np.float64(0.4819901118117352)), (173, np.float64(0.4763461606441315)), (269, np.float64(0.46848243958304964)), (252, np.float64(0.4257880478921559))]"
1,1,0.666498755150449,"[(274, np.float64(0.6519597067368373)), (281, np.float64(0.6511299488662937)), (271, np.float64(0.5732111702765095)), (262, np.float64(0.48774132747379656)), (270, np.float64(0.46542146086855835)), (283, np.float64(0.43440965239071566)), (282, np.float64(0.42908382175475657))]"
