Mention 2 Layer 4,Cluster,ClusterScore,TopLabelsFused
0,0,0.15333412300637875,"[(320, np.float64(0.30603809418437466)), (255, np.float64(0.30225158258297785)), (295, np.float64(0.29669174970291673)), (321, np.float64(0.2791310682166241)), (393, np.float64(0.23280127374532403)), (218, np.float64(0.21030980564813254))]"
1,1,0.6548517146785823,"[(354, np.float64(0.6749352022780158)), (346, np.float64(0.6183802484320728)), (355, np.float64(0.6099289137852512)), (302, np.float64(0.6013008141399759)), (375, np.float64(0.5972773033677337)), (369, np.float64(0.5617095320511188)), (392, np.float64(0.4613237051881464))]"
