Mention 0 Layer 4,Cluster,ClusterScore,TopLabelsFused
0,1,0.20145213649646368,"[(290, np.float64(0.4488341971112091)), (333, np.float64(0.38063556401482973)), (310, np.float64(0.3785597614805915)), (353, np.float64(0.2473237876432858)), (358, np.float64(0.24629741846387593)), (339, np.float64(0.24396738993348024)), (316, np.float64(0.23783099621727266))]"
1,0,0.7070724871970658,"[(307, np.float64(0.7022674606906147)), (273, np.float64(0.6945057398918653)), (239, np.float64(0.6831864622942552)), (275, np.float64(0.6509399414608761)), (308, np.float64(0.6371518518810466))]"
