Mention 0 Layer 3,Cluster,ClusterScore,TopLabelsFused
0,1,0.2977068046962478,"[(132, np.float64(0.5456251503516382)), (113, np.float64(0.3899451730439521)), (68, np.float64(0.3788527527261634)), (72, np.float64(0.3390855538370038)), (145, np.float64(0.3007982038107121)), (146, np.float64(0.2935494581037948)), (109, np.float64(0.2923009270107558)), (134, np.float64(0.28848822904853544)), (91, np.float64(0.28838781575508177)), (104, np.float64(0.28500541177696265)), (70, np.float64(0.28006031550471155)), (41, np.float64(0.27538490047461367)), (75, np.float64(0.2549106935279338))]"
1,0,0.7931375895283942,"[(2, np.float64(0.557215201088708)), (0, np.float64(0.5386942593982391)), (11, np.float64(0.5385027767028535)), (31, np.float64(0.5188377144052444)), (48, np.float64(0.4915003332601879)), (67, np.float64(0.4880294297800249)), (39, np.float64(0.47774173175067114)), (51, np.float64(0.4496516477383152)), (6, np.float64(0.42635041176529903)), (128, np.float64(0.42141221295424014)), (40, np.float64(0.4061154548665427)), (59, np.float64(0.3964203007238945))]"
