Mention 5 Layer 4,Cluster,ClusterScore,TopLabelsFused
0,1,0.38622250197236835,"[(181, np.float64(0.5261638889877623)), (184, np.float64(0.5250816597350308)), (183, np.float64(0.513216876368164)), (186, np.float64(0.5127287100542154)), (153, np.float64(0.5103684771504335)), (187, np.float64(0.5078762037709724)), (201, np.float64(0.3306825135913339))]"
1,0,0.44981494336664796,"[(172, np.float64(0.5680036934992339)), (164, np.float64(0.5595347444614809)), (73, np.float64(0.5593432936928843)), (141, np.float64(0.55247855770603)), (139, np.float64(0.5519962800372291))]"
