Mention 4 Layer 3,Cluster,ClusterScore,TopLabelsFused
0,0,0.2634495346868838,"[(312, np.float64(0.3785242633093844)), (328, np.float64(0.3462995972397607)), (327, np.float64(0.2954887929416295)), (319, np.float64(0.28373430962492036)), (289, np.float64(0.2831420584170014)), (352, np.float64(0.278217007237683)), (325, np.float64(0.27519754944384794)), (311, np.float64(0.27195639986247633)), (323, np.float64(0.26912633073542414)), (326, np.float64(0.2576726890362323)), (313, np.float64(0.24474462466021096)), (309, np.float64(0.2282778808862999))]"
1,1,0.7861903238336798,"[(387, np.float64(0.6331016388158746)), (351, np.float64(0.5493960004987694)), (338, np.float64(0.529144370315176)), (334, np.float64(0.507371122336877)), (336, np.float64(0.5019033000091085)), (337, np.float64(0.47826860523507286)), (324, np.float64(0.4730982830331194)), (329, np.float64(0.46948125180519695)), (332, np.float64(0.4643861278170161)), (374, np.float64(0.4553552643394106)), (376, np.float64(0.44800203975634917)), (331, np.float64(0.4473944544729292)), (356, np.float64(0.44565855825951745))]"
