Mention 0 Layer 3,Cluster,ClusterScore,TopLabelsFused
0,0,0.28229902236814974,"[(96, np.float64(0.33683087889394214)), (238, np.float64(0.3175098451465994)), (10, np.float64(0.31687168012762934)), (26, np.float64(0.3159623817189649)), (65, np.float64(0.29767068019408244)), (105, np.float64(0.2958045019473291)), (5, np.float64(0.2914142147074602)), (110, np.float64(0.28974251311395854)), (34, np.float64(0.2808743768479206)), (99, np.float64(0.280306777752142)), (71, np.float64(0.2801968757871527)), (7, np.float64(0.2526970068518971))]"
1,1,0.8100974305908741,"[(140, np.float64(0.6051718286966027)), (247, np.float64(0.600404250991727)), (143, np.float64(0.5553271530863706)), (228, np.float64(0.5414293547689703)), (180, np.float64(0.5378183432915197)), (241, np.float64(0.5200031732100747)), (225, np.float64(0.5131817341150962)), (251, np.float64(0.5105223028496886)), (226, np.float64(0.49877781393899623)), (242, np.float64(0.49239547132059613)), (89, np.float64(0.45576281812703606)), (223, np.float64(0.4517787384156494)), (237, np.float64(0.4431613339978181))]"
