Mention 8 Layer 4,Cluster,ClusterScore,TopLabelsFused
0,0,0.4655802413754894,"[(341, np.float64(0.5517959440938093)), (298, np.float64(0.5266977810159112)), (377, np.float64(0.517581777365712)), (347, np.float64(0.45091888268274133)), (345, np.float64(0.3596022747353997)), (318, np.float64(0.3225583467970809))]"
1,1,0.48556940886626554,"[(360, np.float64(0.6968281056804939)), (363, np.float64(0.5850581504344422)), (359, np.float64(0.5680797408765456)), (368, np.float64(0.5631247475966356)), (371, np.float64(0.5085533854796438)), (344, np.float64(0.40052901779932776)), (373, np.float64(0.38440256878222856))]"
