Mention 2 Layer 2,Cluster,ClusterScore,TopLabelsFused
0,1,0.16674011823551732,"[(338, np.float64(0.2970794930250942)), (327, np.float64(0.29209556441176654)), (289, np.float64(0.2742837620917839)), (312, np.float64(0.263329222537257)), (387, np.float64(0.25903385664355016)), (334, np.float64(0.25126911101598903)), (324, np.float64(0.24912119992679643)), (351, np.float64(0.2483046801354477)), (374, np.float64(0.24731864142818988)), (337, np.float64(0.24004153272585582)), (336, np.float64(0.23580145350091666)), (313, np.float64(0.23393895919015137)), (329, np.float64(0.23098174176902553)), (319, np.float64(0.23053123471931822)), (328, np.float64(0.23015588011616228)), (331, np.float64(0.2299816264247734)), (356, np.float64(0.22604114881725157)), (376, np.float64(0.22310341361041466)), (323, np.float64(0.22208212790570198)), (325, np.float64(0.2154068656406235)), (326, np.float64(0.21367742725038702)), (311, np.float64(0.20839721692805135)), (309, np.float64(0.20765943850605853)), (352, np.float64(0.20549493896150073)), (332, np.float64(0.2013029723298627))]"
1,0,0.7895474571215693,"[(107, np.float64(0.5429217161982063)), (281, np.float64(0.5414491584861858)), (284, np.float64(0.528129369594023)), (266, np.float64(0.5256654149960999)), (235, np.float64(0.5138215194207537)), (283, np.float64(0.513460469773614)), (271, np.float64(0.5066520972787475)), (151, np.float64(0.500878994476569)), (122, np.float64(0.5001447134039733)), (173, np.float64(0.489409324478176)), (282, np.float64(0.4670589161520273)), (274, np.float64(0.4645146357879524)), (124, np.float64(0.4610412908252935)), (79, np.float64(0.4562487482415172)), (215, np.float64(0.4333172756542894)), (280, np.float64(0.4186076148850374)), (165, np.float64(0.41483202174742956)), (262, np.float64(0.40532588518997675)), (254, np.float64(0.4047384047965475)), (269, np.float64(0.39467728684206904)), (270, np.float64(0.37734078126558007)), (234, np.float64(0.3758658800303327)), (236, np.float64(0.369594824695318)), (45, np.float64(0.36064595705320013)), (252, np.float64(0.3516924147419203))]"
