Mention 0 Layer 3,Cluster,ClusterScore,TopLabelsFused
0,1,0.3084329083104952,"[(162, np.float64(0.5553673633825589)), (93, np.float64(0.4648566502226988)), (137, np.float64(0.38974097003352476)), (168, np.float64(0.341471354674509)), (160, np.float64(0.30729866818608703)), (101, np.float64(0.3055577420061762)), (100, np.float64(0.30487365149058554)), (106, np.float64(0.30404146507966745)), (95, np.float64(0.29655429317899296)), (195, np.float64(0.29448680470795563)), (24, np.float64(0.2921939403776224)), (88, np.float64(0.27673335551201905)), (92, np.float64(0.2737591917935461))]"
1,0,0.4200744123883315,"[(21, np.float64(0.6481314777021183)), (36, np.float64(0.5190187888094853)), (17, np.float64(0.489131563268618)), (46, np.float64(0.4831278025553893)), (8, np.float64(0.4731157905854445)), (13, np.float64(0.46427347085276816)), (32, np.float64(0.3560628908519245)), (87, np.float64(0.3508906455001709)), (18, np.float64(0.3414964260649349)), (14, np.float64(0.3349016733932303)), (159, np.float64(0.3315024883510226)), (9, np.float64(0.3205332925102796))]"
