Mention 2 Layer 2,Cluster,ClusterScore,TopLabelsFused
0,0,0.41668706712223813,"[(98, np.float64(0.36975179306439154)), (123, np.float64(0.3611172599968028)), (38, np.float64(0.3573341668435897)), (4, np.float64(0.35328655029324313)), (23, np.float64(0.3530962005570027)), (97, np.float64(0.34679384959408505)), (30, np.float64(0.3455716250193723)), (27, np.float64(0.34529999667291644)), (35, np.float64(0.34106361626463544)), (78, np.float64(0.3386207529781391)), (25, np.float64(0.3380739372629189)), (116, np.float64(0.33672629468231124)), (22, np.float64(0.32876412038168873)), (56, np.float64(0.3281076445711423)), (37, np.float64(0.32294534665076974)), (119, np.float64(0.31702489708712267)), (19, np.float64(0.3131691678047744)), (16, np.float64(0.3124057905444454)), (55, np.float64(0.3117679577203329)), (90, np.float64(0.3113681077540314)), (102, np.float64(0.29900064705238394)), (144, np.float64(0.2966794986743794)), (77, np.float64(0.2806722589807996)), (111, np.float64(0.27378572096511555)), (120, np.float64(0.20971499187134926))]"
1,1,0.5858238524226874,"[(394, np.float64(0.7653913067331556)), (379, np.float64(0.5029263023017871)), (317, np.float64(0.46740695173931496)), (383, np.float64(0.4100178438038688)), (278, np.float64(0.4054149869909848)), (203, np.float64(0.4024375172260545)), (163, np.float64(0.40237636528031157)), (389, np.float64(0.4020251048605171)), (157, np.float64(0.39951994049349887)), (396, np.float64(0.39920279175754836)), (148, np.float64(0.39831543085946214)), (166, np.float64(0.3977644928800529)), (152, np.float64(0.3924597036663365)), (365, np.float64(0.3911275531006488)), (206, np.float64(0.3898111283330839)), (193, np.float64(0.3874117814351939)), (291, np.float64(0.3835361327097132)), (384, np.float64(0.3687024312702168)), (322, np.float64(0.3633538187519479)), (167, np.float64(0.3506600042554642)), (315, np.float64(0.34624530272521925)), (304, np.float64(0.3452308202209542)), (200, np.float64(0.34060015336963106)), (207, np.float64(0.3393355636810357)), (364, np.float64(0.3273147657917268))]"
