Mention 0 Layer 4,Cluster,ClusterScore,TopLabelsFused
0,1,0.31488149801119464,"[(328, np.float64(0.45697795565699645)), (327, np.float64(0.4411916062990812)), (323, np.float64(0.4134356007360054)), (325, np.float64(0.38952467050489065)), (352, np.float64(0.34102298695249916)), (326, np.float64(0.30857716726355183))]"
1,0,0.768651115053847,"[(289, np.float64(0.7357137500834288)), (312, np.float64(0.7339278650602353)), (311, np.float64(0.7219943044906136)), (309, np.float64(0.5377508892373625)), (319, np.float64(0.48647456747153917)), (313, np.float64(0.45989623329741397))]"
