Mention 4 Layer 4,Cluster,ClusterScore,TopLabelsFused
0,0,0.6550438677425076,"[(92, np.float64(0.6422969776250896)), (195, np.float64(0.6178828485341855)), (88, np.float64(0.5616846693515718)), (100, np.float64(0.46427349764641235)), (24, np.float64(0.4299760390972816)), (95, np.float64(0.4257338424135898))]"
1,1,0.8511448907285067,"[(162, np.float64(0.922575140966039)), (93, np.float64(0.7805482631408295)), (137, np.float64(0.7629527233396373)), (168, np.float64(0.7613532951767954)), (106, np.float64(0.7149735388521843)), (101, np.float64(0.5106085538993682)), (160, np.float64(0.4912280177937856))]"
