Mention 3 Layer 3,Cluster,ClusterScore,TopLabelsFused
0,0,0.42119355334474884,"[(171, np.float64(0.4924422470511887)), (156, np.float64(0.4783235579665777)), (189, np.float64(0.4772409402753869)), (127, np.float64(0.4159674278763728)), (169, np.float64(0.36283678477373865)), (199, np.float64(0.3501019490409483)), (178, np.float64(0.3472248275660365)), (154, np.float64(0.33962697832613087)), (340, np.float64(0.32203125801500826)), (190, np.float64(0.32191691741434597)), (209, np.float64(0.3088681107529821)), (138, np.float64(0.28465234807000317))]"
1,1,0.45916360152086033,"[(361, np.float64(0.5078606907186609)), (256, np.float64(0.4600111484864973)), (222, np.float64(0.44679330305684156)), (253, np.float64(0.41232294298438643)), (285, np.float64(0.37626609394620764)), (388, np.float64(0.3682421023982944)), (299, np.float64(0.3654337658876901)), (224, np.float64(0.3653945617599802)), (349, np.float64(0.36175291062887305)), (398, np.float64(0.35914369619314246)), (257, np.float64(0.3572182042561516)), (188, np.float64(0.3363356315761754)), (210, np.float64(0.2932386206485813))]"
