Mention 5 Layer 4,Cluster,ClusterScore,TopLabelsFused
0,0,0.33562242335160924,"[(63, np.float64(0.4891317383090764)), (142, np.float64(0.4839693068033767)), (131, np.float64(0.48278531565185206)), (133, np.float64(0.4501955190812496)), (136, np.float64(0.308023672434224))]"
1,1,0.3482064466350517,"[(149, np.float64(0.4996325821556614)), (135, np.float64(0.4995818613446663)), (176, np.float64(0.4934791601968998)), (174, np.float64(0.463835079675292)), (175, np.float64(0.32505590766656756)), (155, np.float64(0.31280099378307613)), (150, np.float64(0.31125022615714903))]"
