Mention 7 Layer 4,Cluster,ClusterScore,TopLabelsFused
0,1,0.12602548288706156,"[(128, np.float64(0.2936252455710875)), (67, np.float64(0.2772792007979752)), (48, np.float64(0.27497835099398704)), (51, np.float64(0.24860194978372555)), (40, np.float64(0.24486936933127168)), (59, np.float64(0.19660667880613023))]"
1,0,0.5973685254801206,"[(39, np.float64(0.6197659582528939)), (2, np.float64(0.6082661811212271)), (0, np.float64(0.585947091261869)), (6, np.float64(0.5028699918580132)), (31, np.float64(0.4541135079452281)), (11, np.float64(0.44617388569103206))]"
