Mention 0 Layer 4,Cluster,ClusterScore,TopLabelsFused
0,1,0.33994582863289513,"[(21, np.float64(0.5830487360700606)), (46, np.float64(0.4950077693482559)), (36, np.float64(0.49456926967679316)), (32, np.float64(0.48903328980208727)), (87, np.float64(0.3205208442347641)), (159, np.float64(0.30391240510031686))]"
1,0,0.4968661114728733,"[(13, np.float64(0.5915544723283286)), (17, np.float64(0.5877934998282595)), (9, np.float64(0.5501435452995909)), (8, np.float64(0.5008422237542961)), (14, np.float64(0.37636576258727616)), (18, np.float64(0.3753636629482677))]"
