Mention 1 Layer 4,Cluster,ClusterScore,TopLabelsFused
0,0,0.31339501034552536,"[(264, np.float64(0.4660563329706015)), (240, np.float64(0.4634240464419405)), (397, np.float64(0.45941840882288365)), (263, np.float64(0.4533519384844159)), (301, np.float64(0.4520584669891)), (314, np.float64(0.4395386353911387))]"
1,1,0.9036092551997155,"[(350, np.float64(0.7794287903168579)), (366, np.float64(0.7752414942826402)), (277, np.float64(0.7486275713520002)), (343, np.float64(0.5861872252595968)), (378, np.float64(0.5271410471273049)), (381, np.float64(0.5179606066345672)), (382, np.float64(0.5141607096561607))]"
