Mention 4 Layer 4,Cluster,ClusterScore,TopLabelsFused
0,0,0.23232851066061622,"[(91, np.float64(0.4039976840436286)), (146, np.float64(0.39812647599469453)), (68, np.float64(0.3916323829213721)), (41, np.float64(0.37804148739306925)), (70, np.float64(0.36591225016234097)), (75, np.float64(0.2396728335558805))]"
1,1,0.8431582199091743,"[(132, np.float64(0.918236472761333)), (113, np.float64(0.7673312375784569)), (72, np.float64(0.7488639791904269)), (104, np.float64(0.7429978531821922)), (145, np.float64(0.7083689938529844)), (134, np.float64(0.5081222119751378)), (109, np.float64(0.5059953226785411))]"
