Mention 1 Layer 4,Cluster,ClusterScore,TopLabelsFused
0,0,0.34444422495885185,"[(256, np.float64(0.49290479814378074)), (222, np.float64(0.4776948584127903)), (188, np.float64(0.4615029049343755)), (210, np.float64(0.3659154305008319)), (253, np.float64(0.3658463651951388)), (398, np.float64(0.3267643298564222))]"
1,1,0.6501504921414732,"[(361, np.float64(0.6765441439676275)), (285, np.float64(0.6695562032940936)), (299, np.float64(0.6553317613486053)), (388, np.float64(0.4469068026011129)), (224, np.float64(0.44441163391449906)), (349, np.float64(0.4304687898482186)), (257, np.float64(0.42816508040333734))]"
