Mention 7 Layer 4,Cluster,ClusterScore,TopLabelsFused
0,0,0.46227128577281845,"[(144, np.float64(0.5763848178488946)), (90, np.float64(0.5751203511054511)), (77, np.float64(0.5717721643114524)), (97, np.float64(0.39294900995923865)), (56, np.float64(0.35368770858426263)), (30, np.float64(0.34754778427105515))]"
1,1,0.5551400988583765,"[(98, np.float64(0.6360758431985299)), (102, np.float64(0.6171828095718591)), (120, np.float64(0.612643098694343)), (111, np.float64(0.609791993006217)), (123, np.float64(0.6021875509738485)), (119, np.float64(0.38873187824519306)), (78, np.float64(0.38631323794700695))]"
