Mention 0 Layer 4,Cluster,ClusterScore,TopLabelsFused
0,0,0.15268497288423816,"[(140, np.float64(0.3266860652988069)), (89, np.float64(0.3247644342307686)), (225, np.float64(0.3219953651086024)), (223, np.float64(0.32152891291748703)), (143, np.float64(0.238351125163183)), (251, np.float64(0.20370009343553785))]"
1,1,0.2866448020589863,"[(247, np.float64(0.45181451372297515)), (237, np.float64(0.445755320352886)), (180, np.float64(0.4399601651722717)), (241, np.float64(0.4386083979167283)), (242, np.float64(0.2929712376797366)), (226, np.float64(0.2831264474967388)), (228, np.float64(0.2793041955146929))]"
