Mention 2 Layer 4,Cluster,ClusterScore,TopLabelsFused
0,1,0.07254651423855141,"[(128, np.float64(0.2172235072379985)), (67, np.float64(0.2126441458701876)), (48, np.float64(0.209688622314145)), (40, np.float64(0.19018418299043136)), (51, np.float64(0.18949160809187282)), (59, np.float64(0.14125858282707662))]"
1,0,0.7390829482661471,"[(39, np.float64(0.6845271372791744)), (2, np.float64(0.6781843973415468)), (0, np.float64(0.6514807324701316)), (6, np.float64(0.5314124556818203)), (11, np.float64(0.5097436479378503)), (31, np.float64(0.5084858576470181))]"
