Mention 0 Layer 3,Cluster,ClusterScore,TopLabelsFused
0,1,0.23800972709180088,"[(277, np.float64(0.368036320196105)), (366, np.float64(0.33414633821572254)), (240, np.float64(0.33268548984315305)), (350, np.float64(0.3199752402557078)), (264, np.float64(0.30832862062467464)), (301, np.float64(0.281384297034393)), (343, np.float64(0.27938337483760156)), (382, np.float64(0.2653598345633124)), (378, np.float64(0.26499753490750777)), (381, np.float64(0.26408553512089744)), (314, np.float64(0.2463603162861572)), (397, np.float64(0.24533446486116642)), (263, np.float64(0.24277248002482324))]"
1,0,0.7766940633627963,"[(370, np.float64(0.5933375983190134)), (232, np.float64(0.5875325189888863)), (227, np.float64(0.5413210554463141)), (250, np.float64(0.5160822935891238)), (214, np.float64(0.51502797763221)), (258, np.float64(0.5083025799044726)), (208, np.float64(0.5055140663336032)), (245, np.float64(0.4995594114011439)), (217, np.float64(0.48883722044865247)), (249, np.float64(0.4808925621730419)), (230, np.float64(0.46105023269196177)), (205, np.float64(0.4357461843929435))]"
